company_id,year,horizon_years,revenue_cagr_value,revenue_cagr_flag,pat_cagr_value,pat_cagr_flag,eps_cagr_value,eps_cagr_flag
ADANIENSOL,Mar 2017,3,,ZERO_BASE,,ZERO_BASE,,ZERO_BASE
ADANIENSOL,Mar 2018,3,211.09,NORMAL,,TURNAROUND,,ZERO_BASE
ADANIENSOL,Mar 2019,5,,ZERO_BASE,,ZERO_BASE,,ZERO_BASE
ADANIENSOL,Mar 2020,5,144.37,NORMAL,,TURNAROUND,,ZERO_BASE
ADANIENSOL,Mar 2024,3,18.72,NORMAL,-2.49,DECLINE,-3.13,DECLINE
ADANIENSOL,Mar 2024,10,,ZERO_BASE,,ZERO_BASE,,ZERO_BASE
ADANIENT,Mar 2016,3,-9.82,DECLINE,-6.36,DECLINE,-15.66,DECLINE
ADANIENT,Mar 2017,3,-12.72,DECLINE,-29.55,DECLINE,-23.37,DECLINE
ADANIENT,Mar 2018,3,-17.71,DECLINE,-36.3,DECLINE,-27.01,DECLINE
ADANIENT,Mar 2018,5,-4.98,DECLINE,-13.38,DECLINE,-14.14,DECLINE
ADANIENT,Mar 2019,3,5.89,NORMAL,-20.31,DECLINE,-8.04,DECLINE
ADANIENT,Mar 2019,5,-5.98,DECLINE,-28.17,DECLINE,-18.94,DECLINE
ADANIENT,Mar 2020,5,-7.61,DECLINE,-14.66,DECLINE,-11.09,DECLINE
ADANIENT,Mar 2021,5,3.06,NORMAL,0.9,NORMAL,-2.33,DECLINE
ADANIENT,Mar 2022,3,19.8,NORMAL,15.91,NORMAL,,INSUFFICIENT_DATA
ADANIENT,Mar 2022,5,13.7,NORMAL,-3.16,DECLINE,-4.9,DECLINE
ADANIGREEN,Mar 2020,3,71.88,NORMAL,,BOTH_NEGATIVE,,ZERO_BASE
ADANIGREEN,Mar 2021,3,28.28,NORMAL,,TURNAROUND,,TURNAROUND
ADANIGREEN,Mar 2022,3,35.62,NORMAL,,TURNAROUND,,TURNAROUND
ADANIGREEN,Mar 2022,5,59.2,NORMAL,,TURNAROUND,,ZERO_BASE
ADANIGREEN,Mar 2023,3,45.03,NORMAL,,TURNAROUND,,ZERO_BASE
ADANIGREEN,Mar 2023,5,39.35,NORMAL,,TURNAROUND,,TURNAROUND
ADANIGREEN,Mar 2024,5,34.98,NORMAL,,TURNAROUND,,TURNAROUND
ADANIPORTS,Mar 2020,3,12.05,NORMAL,-1.01,DECLINE,,INSUFFICIENT_DATA
ADANIPORTS,Mar 2020,3,12.05,NORMAL,-1.01,DECLINE,,INSUFFICIENT_DATA
ADANIPOWER,Mar 2016,3,55.94,NORMAL,,TURNAROUND,,TURNAROUND
ADANIPOWER,Mar 2017,3,13.84,NORMAL,,BOTH_NEGATIVE,,BOTH_NEGATIVE
ADANIPOWER,Mar 2018,3,2.81,NORMAL,,BOTH_NEGATIVE,,BOTH_NEGATIVE
ADANIPOWER,Mar 2018,5,24.85,NORMAL,,BOTH_NEGATIVE,,BOTH_NEGATIVE
ADANIPOWER,Mar 2019,3,-2.0,DECLINE,,DECLINE_TO_LOSS,,DECLINE_TO_LOSS
ADANIPOWER,Mar 2019,5,9.28,NORMAL,,BOTH_NEGATIVE,,BOTH_NEGATIVE
ADANIPOWER,Mar 2020,3,5.38,NORMAL,,BOTH_NEGATIVE,,BOTH_NEGATIVE
ADANIPOWER,Mar 2020,5,7.21,NORMAL,,BOTH_NEGATIVE,,BOTH_NEGATIVE
ADANIPOWER,Mar 2021,3,8.9,NORMAL,,TURNAROUND,,TURNAROUND
ADANIPOWER,Mar 2022,3,5.08,NORMAL,,TURNAROUND,,TURNAROUND
ADANIPOWER,Mar 2022,5,4.15,NORMAL,,TURNAROUND,,TURNAROUND
ADANIPOWER,Mar 2023,3,13.57,NORMAL,,TURNAROUND,,TURNAROUND
ADANIPOWER,Mar 2023,5,13.81,NORMAL,,TURNAROUND,,TURNAROUND
ADANIPOWER,Mar 2023,10,19.21,NORMAL,,TURNAROUND,,TURNAROUND
ADANIPOWER,Mar 2024,5,16.09,NORMAL,,TURNAROUND,,TURNAROUND
ADANIPOWER,Mar 2024,10,12.63,NORMAL,,TURNAROUND,,TURNAROUND
AMBUJACEM,Dec 2015,3,-1.08,DECLINE,-14.48,DECLINE,-14.5,DECLINE
AMBUJACEM,Dec 2016,3,29.93,NORMAL,3.91,NORMAL,-9.14,DECLINE
AMBUJACEM,Dec 2017,3,33.36,NORMAL,9.36,NORMAL,-7.17,DECLINE
AMBUJACEM,Dec 2017,5,19.35,NORMAL,8.53,NORMAL,,INSUFFICIENT_DATA
AMBUJACEM,Mar 2023 15,3,16.67,NORMAL,-0.9,DECLINE,2.7,NORMAL
APOLLOHOSP,Mar 2016,3,17.73,NORMAL,-8.12,DECLINE,-8.24,DECLINE
APOLLOHOSP,Mar 2017,3,18.53,NORMAL,-25.36,DECLINE,-11.39,DECLINE
APOLLOHOSP,Mar 2018,3,17.13,NORMAL,-43.63,DECLINE,-30.66,DECLINE
APOLLOHOSP,Mar 2018,5,16.94,NORMAL,-27.67,DECLINE,-18.32,DECLINE
APOLLOHOSP,Mar 2019,3,16.07,NORMAL,-5.23,DECLINE,,INSUFFICIENT_DATA
APOLLOHOSP,Mar 2019,5,17.16,NORMAL,-8.68,DECLINE,-5.87,DECLINE
APOLLOHOSP,Mar 2021,5,11.42,NORMAL,-10.23,DECLINE,-10.07,DECLINE
ATGL,Mar 2021,3,7.27,NORMAL,41.91,NORMAL,-12.64,DECLINE
ATGL,Mar 2023,5,26.08,NORMAL,27.51,NORMAL,-3.58,DECLINE
AXISBANK,Mar 2017,3,13.28,NORMAL,-16.05,DECLINE,-16.75,DECLINE
AXISBANK,Mar 2018,3,8.87,NORMAL,-66.53,DECLINE,-68.17,DECLINE
AXISBANK,Mar 2018,5,10.99,NORMAL,-44.37,DECLINE,-46.11,DECLINE
AXISBANK,Mar 2019,3,10.29,NORMAL,-17.15,DECLINE,-19.88,DECLINE
AXISBANK,Mar 2019,5,12.41,NORMAL,-5.54,DECLINE,-7.09,DECLINE
AXISBANK,Mar 2020,3,12.03,NORMAL,-23.81,DECLINE,-26.32,DECLINE
AXISBANK,Mar 2020,5,12.04,NORMAL,-26.05,DECLINE,-28.0,DECLINE
AXISBANK,Mar 2021,5,9.1,NORMAL,-4.34,DECLINE,-8.87,DECLINE
BAJAJHLDNG,Mar 2018,3,-7.11,DECLINE,9.38,NORMAL,9.51,NORMAL
BAJAJHLDNG,Mar 2019,3,-2.85,DECLINE,10.4,NORMAL,10.33,NORMAL
BAJAJHLDNG,Mar 2020,3,-19.76,DECLINE,7.59,NORMAL,6.61,NORMAL
BAJAJHLDNG,Mar 2020,5,-3.65,DECLINE,8.71,NORMAL,8.13,NORMAL
BAJAJHLDNG,Mar 2021,5,-0.56,DECLINE,10.04,NORMAL,9.96,NORMAL
BAJAJHLDNG,Mar 2022,5,-10.48,DECLINE,10.78,NORMAL,10.4,NORMAL
BANKBARODA,Mar 2016,3,7.92,NORMAL,,DECLINE_TO_LOSS,,DECLINE_TO_LOSS
BANKBARODA,Mar 2017,3,3.2,NORMAL,-28.32,DECLINE,-29.67,DECLINE
BANKBARODA,Mar 2018,3,0.84,NORMAL,,DECLINE_TO_LOSS,,DECLINE_TO_LOSS
BANKBARODA,Mar 2018,5,4.79,NORMAL,,DECLINE_TO_LOSS,,DECLINE_TO_LOSS
BANKBARODA,Mar 2019,3,4.93,NORMAL,,TURNAROUND,,TURNAROUND
BANKBARODA,Mar 2019,5,5.51,NORMAL,-25.37,DECLINE,-29.52,DECLINE
BANKBARODA,Mar 2020,3,21.06,NORMAL,-19.13,DECLINE,-37.0,DECLINE
BANKBARODA,Mar 2020,5,11.93,NORMAL,-24.31,DECLINE,-35.56,DECLINE
BANKBARODA,Mar 2021,3,17.29,NORMAL,,TURNAROUND,,TURNAROUND
BANKBARODA,Mar 2021,5,10.16,NORMAL,,TURNAROUND,,TURNAROUND
BANKBARODA,Mar 2023,5,15.46,NORMAL,,TURNAROUND,,TURNAROUND
BEL,Mar 2018,3,13.61,NORMAL,6.13,NORMAL,,INSUFFICIENT_DATA
BEL,Mar 2022,3,8.11,NORMAL,8.35,NORMAL,,INSUFFICIENT_DATA
BHARTIARTL,Mar 2018,3,-4.91,DECLINE,-24.37,DECLINE,-37.0,DECLINE
BHARTIARTL,Mar 2018,5,1.44,NORMAL,-0.74,DECLINE,-12.94,DECLINE
BHARTIARTL,Mar 2019,3,-5.77,DECLINE,-37.44,DECLINE,-55.04,DECLINE
BHARTIARTL,Mar 2019,5,-1.21,DECLINE,-10.98,DECLINE,-27.52,DECLINE
BHARTIARTL,Mar 2020,3,-2.85,DECLINE,,DECLINE_TO_LOSS,,DECLINE_TO_LOSS
BHARTIARTL,Mar 2020,5,-1.85,DECLINE,,DECLINE_TO_LOSS,,DECLINE_TO_LOSS
BHARTIARTL,Mar 2021,3,6.78,NORMAL,,DECLINE_TO_LOSS,,DECLINE_TO_LOSS
BHARTIARTL,Mar 2021,5,0.83,NORMAL,,DECLINE_TO_LOSS,,DECLINE_TO_LOSS
BHARTIARTL,Mar 2022,5,4.07,NORMAL,14.39,NORMAL,,INSUFFICIENT_DATA
BHARTIARTL,Mar 2023,3,16.7,NORMAL,,TURNAROUND,,TURNAROUND
BHARTIARTL,Mar 2024,3,14.23,NORMAL,,TURNAROUND,,TURNAROUND
BHEL,Mar 2016,3,-19.51,DECLINE,,DECLINE_TO_LOSS,,DECLINE_TO_LOSS
BHEL,Mar 2017,3,-10.39,DECLINE,-49.35,DECLINE,-53.58,DECLINE
BHEL,Mar 2018,3,-2.73,DECLINE,-32.9,DECLINE,-37.0,DECLINE
BHEL,Mar 2018,5,-10.03,DECLINE,-42.03,DECLINE,-43.9,DECLINE
BHEL,Mar 2019,3,6.07,NORMAL,,TURNAROUND,,TURNAROUND
BHEL,Mar 2019,5,-5.11,DECLINE,-22.14,DECLINE,-21.4,DECLINE
BHEL,Mar 2020,3,-8.98,DECLINE,,DECLINE_TO_LOSS,,DECLINE_TO_LOSS
BHEL,Mar 2020,5,-7.28,DECLINE,,DECLINE_TO_LOSS,,DECLINE_TO_LOSS
BHEL,Mar 2021,3,-15.64,DECLINE,,DECLINE_TO_LOSS,,DECLINE_TO_LOSS
BHEL,Mar 2021,5,-7.46,DECLINE,,BOTH_NEGATIVE,,BOTH_NEGATIVE
BHEL,Mar 2022,3,-11.35,DECLINE,-23.7,DECLINE,-30.66,DECLINE
BHEL,Mar 2022,5,-5.71,DECLINE,-0.44,DECLINE,,INSUFFICIENT_DATA
BHEL,Mar 2023,3,2.87,NORMAL,,TURNAROUND,,TURNAROUND
BHEL,Mar 2023,5,-4.11,DECLINE,8.35,NORMAL,14.87,NORMAL
BHEL,Mar 2023,10,-7.12,DECLINE,-20.75,DECLINE,-19.73,DECLINE
BHEL,Mar 2024,3,11.34,NORMAL,,TURNAROUND,,TURNAROUND
BHEL,Mar 2024,5,-4.73,DECLINE,-22.4,DECLINE,-19.73,DECLINE
BHEL,Mar 2024,10,-4.92,DECLINE,-22.27,DECLINE,-20.57,DECLINE
BOSCHLTD,Mar 2018,3,-1.1,DECLINE,0.82,NORMAL,1.77,NORMAL
BOSCHLTD,Mar 2020,3,-1.93,DECLINE,-27.99,DECLINE,-27.19,DECLINE
BOSCHLTD,Mar 2020,5,-4.02,DECLINE,-13.45,DECLINE,-12.38,DECLINE
BOSCHLTD,Mar 2021,3,-5.97,DECLINE,-29.42,DECLINE,-28.52,DECLINE
BOSCHLTD,Mar 2021,5,0.04,NORMAL,-20.64,DECLINE,-19.59,DECLINE
BOSCHLTD,Mar 2022,3,-0.84,DECLINE,-8.68,DECLINE,-8.66,DECLINE
BOSCHLTD,Mar 2022,5,2.46,NORMAL,-6.91,DECLINE,-6.24,DECLINE
BPCL,Mar 2016,3,-8.13,DECLINE,61.06,NORMAL,68.1,NORMAL
BPCL,Mar 2017,3,-8.7,DECLINE,32.87,NORMAL,30.5,NORMAL
BPCL,Mar 2018,3,-0.93,DECLINE,24.44,NORMAL,24.05,NORMAL
BPCL,Mar 2018,5,-0.52,DECLINE,38.29,NORMAL,39.33,NORMAL
BPCL,Mar 2019,3,16.66,NORMAL,1.78,NORMAL,-1.79,DECLINE
BPCL,Mar 2020,3,12.24,NORMAL,-27.21,DECLINE,-29.53,DECLINE
BPCL,Mar 2020,5,3.24,NORMAL,-6.32,DECLINE,-8.64,DECLINE
BPCL,Mar 2021,3,-0.82,DECLINE,20.94,NORMAL,20.78,NORMAL
BPCL,Mar 2023,3,18.47,NORMAL,-16.54,DECLINE,-10.61,DECLINE
BPCL,Mar 2023,5,14.94,NORMAL,-26.29,DECLINE,-24.95,DECLINE
CANBK,Mar 2016,3,8.93,NORMAL,,DECLINE_TO_LOSS,,DECLINE_TO_LOSS
CANBK,Mar 2017,3,1.56,NORMAL,-19.17,DECLINE,-20.63,DECLINE
CANBK,Mar 2018,3,-1.91,DECLINE,,DECLINE_TO_LOSS,,DECLINE_TO_LOSS
CANBK,Mar 2018,5,3.95,NORMAL,,DECLINE_TO_LOSS,,DECLINE_TO_LOSS
CANBK,Mar 2019,3,2.88,NORMAL,,TURNAROUND,,TURNAROUND
CANBK,Mar 2019,5,3.92,NORMAL,-23.59,DECLINE,-27.52,DECLINE
CANBK,Mar 2020,3,6.27,NORMAL,,DECLINE_TO_LOSS,,DECLINE_TO_LOSS
CANBK,Mar 2020,5,2.58,NORMAL,,DECLINE_TO_LOSS,,DECLINE_TO_LOSS
CANBK,Mar 2021,3,19.33,NORMAL,,TURNAROUND,,TURNAROUND
CANBK,Mar 2021,5,9.79,NORMAL,,TURNAROUND,,TURNAROUND
CANBK,Mar 2023,3,19.95,NORMAL,,TURNAROUND,,TURNAROUND
CANBK,Mar 2023,5,15.74,NORMAL,,TURNAROUND,,TURNAROUND
CANBK,Mar 2023,10,9.69,NORMAL,14.25,NORMAL,,INSUFFICIENT_DATA
CIPLA,Mar 2016,3,18.54,NORMAL,-3.62,DECLINE,-3.64,DECLINE
CIPLA,Mar 2017,3,12.26,NORMAL,-9.66,DECLINE,-8.55,DECLINE
CIPLA,Mar 2018,5,12.86,NORMAL,-1.71,DECLINE,-1.08,DECLINE
COALINDIA,Mar 2016,3,4.46,NORMAL,-6.32,DECLINE,-5.2,DECLINE
COALINDIA,Mar 2017,3,3.45,NORMAL,-15.0,DECLINE,-14.5,DECLINE
COALINDIA,Mar 2018,3,4.77,NORMAL,-19.96,DECLINE,-20.63,DECLINE
COALINDIA,Mar 2018,5,4.53,NORMAL,-16.52,DECLINE,-16.44,DECLINE
COALINDIA,Mar 2021,5,2.95,NORMAL,-2.3,DECLINE,-1.8,DECLINE
COALINDIA,Mar 2022,3,3.28,NORMAL,-0.16,DECLINE,,INSUFFICIENT_DATA
DABUR,Mar 2018,3,-0.31,DECLINE,8.34,NORMAL,10.06,NORMAL
DABUR,Mar 2024,3,9.06,NORMAL,2.23,NORMAL,,INSUFFICIENT_DATA
DIVISLAB,Mar 2024,3,4.03,NORMAL,-6.92,DECLINE,-7.17,DECLINE
DLF,Mar 2016,3,8.49,NORMAL,-22.96,DECLINE,-20.63,DECLINE
DLF,Mar 2017,3,-0.31,DECLINE,6.27,NORMAL,,INSUFFICIENT_DATA
DLF,Mar 2018,3,-4.29,DECLINE,106.69,NORMAL,102.74,NORMAL
DLF,Mar 2018,5,-2.91,DECLINE,46.34,NORMAL,44.27,NORMAL
DLF,Mar 2019,3,-5.54,DECLINE,62.72,NORMAL,44.22,NORMAL
DLF,Mar 2020,3,-9.55,DECLINE,,DECLINE_TO_LOSS,,DECLINE_TO_LOSS
DLF,Mar 2020,5,-4.48,DECLINE,,DECLINE_TO_LOSS,,DECLINE_TO_LOSS
DLF,Mar 2021,3,-6.89,DECLINE,-37.69,DECLINE,-45.71,DECLINE
DLF,Mar 2021,5,-11.42,DECLINE,28.84,NORMAL,14.87,NORMAL
DLF,Mar 2022,3,-11.92,DECLINE,4.51,NORMAL,,INSUFFICIENT_DATA
DLF,Mar 2022,5,-7.01,DECLINE,16.2,NORMAL,8.45,NORMAL
DLF,Mar 2023,3,-2.17,DECLINE,,TURNAROUND,,TURNAROUND
DLF,Mar 2023,5,-3.22,DECLINE,-14.6,DECLINE,-20.38,DECLINE
DLF,Mar 2023,10,-3.06,DECLINE,11.8,NORMAL,7.18,NORMAL
DLF,Mar 2024,5,-5.14,DECLINE,15.7,NORMAL,12.89,NORMAL
DLF,Mar 2024,10,-2.52,DECLINE,16.53,NORMAL,10.65,NORMAL
DRREDDY,Mar 2017,3,1.9,NORMAL,-13.01,DECLINE,-11.39,DECLINE
DRREDDY,Mar 2018,3,-1.67,DECLINE,-25.99,DECLINE,-25.87,DECLINE
DRREDDY,Mar 2018,5,3.83,NORMAL,-9.11,DECLINE,-9.38,DECLINE
DRREDDY,Mar 2019,3,-0.26,DECLINE,-2.92,DECLINE,-2.74,DECLINE
DRREDDY,Mar 2019,5,2.86,NORMAL,-0.13,DECLINE,,INSUFFICIENT_DATA
DRREDDY,Mar 2020,5,3.12,NORMAL,-2.81,DECLINE,-2.33,DECLINE
DRREDDY,Mar 2021,5,4.12,NORMAL,-1.74,DECLINE,-1.65,DECLINE
EICHERMOT,Mar 2016,3,-3.22,DECLINE,36.59,NORMAL,48.38,NORMAL
EICHERMOT,Mar 2017,3,-6.98,DECLINE,33.41,NORMAL,38.42,NORMAL
EICHERMOT,Mar 2021,3,-0.92,DECLINE,-11.75,DECLINE,-12.04,DECLINE
EICHERMOT,Mar 2021,5,7.15,NORMAL,0.13,NORMAL,,INSUFFICIENT_DATA
EICHERMOT,Mar 2022,3,1.68,NORMAL,-8.69,DECLINE,-9.02,DECLINE
EICHERMOT,Mar 2022,5,7.93,NORMAL,0.12,NORMAL,,INSUFFICIENT_DATA
GAIL,Mar 2016,3,0.7,NORMAL,-24.57,DECLINE,-20.63,DECLINE
GAIL,Mar 2017,3,-7.71,DECLINE,-11.0,DECLINE,-10.61,DECLINE
GAIL,Mar 2018,3,-3.45,DECLINE,14.99,NORMAL,11.87,NORMAL
GAIL,Mar 2023,3,26.17,NORMAL,-16.22,DECLINE,-13.69,DECLINE
GODREJCP,Mar 2016,3,9.52,NORMAL,-0.56,DECLINE,,INSUFFICIENT_DATA
GODREJCP,Mar 2022,3,5.98,NORMAL,-8.69,DECLINE,-9.59,DECLINE
GODREJCP,Mar 2024,3,8.52,NORMAL,,DECLINE_TO_LOSS,,DECLINE_TO_LOSS
GODREJCP,Mar 2024,5,6.45,NORMAL,,DECLINE_TO_LOSS,,DECLINE_TO_LOSS
GODREJCP,Mar 2024,10,6.37,NORMAL,,DECLINE_TO_LOSS,,DECLINE_TO_LOSS
GRASIM,Mar 2016,3,7.31,NORMAL,-2.94,DECLINE,-3.64,DECLINE
GRASIM,Mar 2018,5,14.9,NORMAL,-0.48,DECLINE,-7.31,DECLINE
GRASIM,Mar 2019,3,30.81,NORMAL,-7.38,DECLINE,-21.15,DECLINE
GRASIM,Mar 2019,5,22.2,NORMAL,-1.46,DECLINE,-10.69,DECLINE
GRASIM,Mar 2020,3,23.69,NORMAL,16.07,NORMAL,-0.51,DECLINE
HAL,Mar 2016,3,5.36,NORMAL,-12.64,DECLINE,-39.11,DECLINE
HAL,Mar 2017,3,5.85,NORMAL,-0.96,DECLINE,8.74,NORMAL
HAL,Mar 2018,3,5.59,NORMAL,-5.94,DECLINE,6.27,NORMAL
HAL,Mar 2018,5,5.27,NORMAL,-7.89,DECLINE,-24.71,DECLINE
HAL,Mar 2019,5,5.74,NORMAL,-2.72,DECLINE,4.56,NORMAL
HAL,Mar 2023,10,6.51,NORMAL,6.85,NORMAL,-3.48,DECLINE
HAVELLS,Mar 2017,3,-8.69,DECLINE,3.47,NORMAL,4.55,NORMAL
HAVELLS,Mar 2018,3,-1.41,DECLINE,19.74,NORMAL,22.39,NORMAL
HAVELLS,Mar 2019,3,9.87,NORMAL,-15.37,DECLINE,-14.77,DECLINE
HAVELLS,Mar 2021,5,6.61,NORMAL,-4.29,DECLINE,-4.14,DECLINE
HDFCLIFE,Mar 2017,3,21.31,NORMAL,6.95,NORMAL,,INSUFFICIENT_DATA
HDFCLIFE,Mar 2020,3,-1.4,DECLINE,13.5,NORMAL,14.47,NORMAL
HDFCLIFE,Mar 2022,3,19.99,NORMAL,1.26,NORMAL,,INSUFFICIENT_DATA
HDFCLIFE,Mar 2023,3,33.69,NORMAL,1.79,NORMAL,,INSUFFICIENT_DATA
HDFCLIFE,Mar 2023,5,16.83,NORMAL,4.32,NORMAL,,INSUFFICIENT_DATA
HDFCLIFE,Mar 2024,3,12.37,NORMAL,4.97,NORMAL,,INSUFFICIENT_DATA
HEROMOTOCO,Mar 2021,3,-1.56,DECLINE,-7.6,DECLINE,-7.75,DECLINE
HEROMOTOCO,Mar 2021,5,1.7,NORMAL,-1.16,DECLINE,-1.44,DECLINE
HEROMOTOCO,Mar 2022,3,-4.54,DECLINE,-12.41,DECLINE,-12.3,DECLINE
HEROMOTOCO,Mar 2022,5,0.65,NORMAL,-8.06,DECLINE,-8.31,DECLINE
HEROMOTOCO,Mar 2023,3,5.3,NORMAL,-8.53,DECLINE,-8.16,DECLINE
HEROMOTOCO,Mar 2023,5,1.03,NORMAL,-5.53,DECLINE,-5.39,DECLINE
HINDALCO,Mar 2016,3,7.19,NORMAL,,DECLINE_TO_LOSS,,DECLINE_TO_LOSS
HINDALCO,Mar 2017,3,4.54,NORMAL,-5.0,DECLINE,-10.07,DECLINE
HINDALCO,Mar 2019,3,9.75,NORMAL,,TURNAROUND,,TURNAROUND
HINDALCO,Mar 2021,3,4.65,NORMAL,-16.96,DECLINE,-16.01,DECLINE
HINDALCO,Mar 2021,5,5.98,NORMAL,,TURNAROUND,,TURNAROUND
ICICIBANK,Mar 2017,3,7.19,NORMAL,-0.97,DECLINE,-2.0,DECLINE
ICICIBANK,Mar 2018,3,4.19,NORMAL,-11.08,DECLINE,-14.2,DECLINE
ICICIBANK,Mar 2018,5,6.73,NORMAL,-2.12,DECLINE,-4.36,DECLINE
ICICIBANK,Mar 2019,3,6.68,NORMAL,-19.55,DECLINE,-24.09,DECLINE
ICICIBANK,Mar 2019,5,7.79,NORMAL,-13.4,DECLINE,-16.26,DECLINE
ICICIBANK,Mar 2020,3,11.66,NORMAL,-0.34,DECLINE,-2.13,DECLINE
ICICIBANK,Mar 2020,5,9.07,NORMAL,-2.81,DECLINE,-4.62,DECLINE
ICICIPRULI,Mar 2018,3,4.07,NORMAL,-0.43,DECLINE,,INSUFFICIENT_DATA
ICICIPRULI,Mar 2018,5,14.16,NORMAL,1.34,NORMAL,,INSUFFICIENT_DATA
ICICIPRULI,Mar 2019,3,25.75,NORMAL,-11.62,DECLINE,-12.64,DECLINE
ICICIPRULI,Mar 2019,5,13.63,NORMAL,-6.11,DECLINE,-6.17,DECLINE
ICICIPRULI,Mar 2020,3,-17.77,DECLINE,-14.08,DECLINE,-16.45,DECLINE
ICICIPRULI,Mar 2020,5,-9.41,DECLINE,-8.24,DECLINE,-8.64,DECLINE
ICICIPRULI,Mar 2021,3,28.91,NORMAL,-16.1,DECLINE,-13.99,DECLINE
ICICIPRULI,Mar 2021,5,31.88,NORMAL,-10.34,DECLINE,-10.22,DECLINE
ICICIPRULI,Mar 2022,3,15.31,NORMAL,-12.65,DECLINE,-14.5,DECLINE
ICICIPRULI,Mar 2022,5,10.94,NORMAL,-14.71,DECLINE,-16.06,DECLINE
ICICIPRULI,Mar 2023,3,33.9,NORMAL,-8.66,DECLINE,-5.01,DECLINE
ICICIPRULI,Mar 2023,5,5.39,NORMAL,-12.87,DECLINE,-11.42,DECLINE
ICICIPRULI,Mar 2023,10,9.69,NORMAL,-6.03,DECLINE,-5.88,DECLINE
ICICIPRULI,Mar 2024,3,2.78,NORMAL,-3.8,DECLINE,-5.01,DECLINE
ICICIPRULI,Mar 2024,5,16.85,NORMAL,-5.66,DECLINE,-5.59,DECLINE
ICICIPRULI,Mar 2024,10,15.23,NORMAL,-5.89,DECLINE,-5.88,DECLINE
INDIGO,Mar 2016,3,20.59,NORMAL,36.14,NORMAL,-87.1,DECLINE
INDIGO,Mar 2017,3,18.67,NORMAL,51.83,NORMAL,-85.62,DECLINE
INDIGO,Mar 2018,3,18.24,NORMAL,19.8,NORMAL,-88.91,DECLINE
INDIGO,Mar 2018,5,20.13,NORMAL,23.29,NORMAL,-70.43,DECLINE
INDIGO,Mar 2019,3,20.86,NORMAL,-57.17,DECLINE,-58.26,DECLINE
INDIGO,Mar 2019,5,20.72,NORMAL,-19.93,DECLINE,-80.83,DECLINE
INDIGO,Mar 2020,3,24.38,NORMAL,,DECLINE_TO_LOSS,,DECLINE_TO_LOSS
INDIGO,Mar 2020,5,20.76,NORMAL,,DECLINE_TO_LOSS,,DECLINE_TO_LOSS
INDIGO,Mar 2021,3,-14.0,DECLINE,,DECLINE_TO_LOSS,,DECLINE_TO_LOSS
INDIGO,Mar 2021,5,-1.93,DECLINE,,DECLINE_TO_LOSS,,DECLINE_TO_LOSS
INDIGO,Mar 2022,3,-3.1,DECLINE,,DECLINE_TO_LOSS,,DECLINE_TO_LOSS
INDIGO,Mar 2022,5,6.89,NORMAL,,DECLINE_TO_LOSS,,DECLINE_TO_LOSS
INDIGO,Mar 2023,3,15.05,NORMAL,,BOTH_NEGATIVE,,BOTH_NEGATIVE
INDIGO,Mar 2023,5,18.79,NORMAL,,DECLINE_TO_LOSS,,DECLINE_TO_LOSS
INDIGO,Mar 2023,10,19.45,NORMAL,,DECLINE_TO_LOSS,,DECLINE_TO_LOSS
INDIGO,Mar 2024,3,67.58,NORMAL,,TURNAROUND,,TURNAROUND
INDIGO,Mar 2024,10,20.01,NORMAL,32.93,NORMAL,-34.88,DECLINE
INDUSINDBK,Mar 2021,3,18.83,NORMAL,-7.69,DECLINE,-14.88,DECLINE
INDUSINDBK,Mar 2021,5,19.56,NORMAL,4.41,NORMAL,-0.53,DECLINE
IOC,Mar 2016,3,-9.17,DECLINE,50.7,NORMAL,38.67,NORMAL
IOC,Mar 2017,3,-10.05,DECLINE,43.03,NORMAL,40.95,NORMAL
IOC,Mar 2018,3,-2.12,DECLINE,66.84,NORMAL,71.0,NORMAL
IOC,Mar 2018,5,-1.81,DECLINE,44.22,NORMAL,37.97,NORMAL
IOC,Mar 2020,3,10.83,NORMAL,,DECLINE_TO_LOSS,,DECLINE_TO_LOSS
IOC,Mar 2020,5,1.48,NORMAL,,DECLINE_TO_LOSS,,DECLINE_TO_LOSS
IOC,Mar 2021,3,-4.78,DECLINE,-1.29,DECLINE,,INSUFFICIENT_DATA
IOC,Mar 2023,3,20.28,NORMAL,,TURNAROUND,,TURNAROUND
IOC,Mar 2023,5,14.84,NORMAL,-12.35,DECLINE,-14.14,DECLINE
IRCTC,Mar 2018,3,11.45,NORMAL,19.04,NORMAL,-5.42,DECLINE
IRCTC,Mar 2019,3,11.01,NORMAL,17.81,NORMAL,-40.51,DECLINE
IRCTC,Mar 2020,3,14.2,NORMAL,30.85,NORMAL,-18.29,DECLINE
IRCTC,Mar 2020,5,16.41,NORMAL,31.39,NORMAL,-14.33,DECLINE
IRCTC,Mar 2021,3,-19.07,DECLINE,-5.42,DECLINE,-43.35,DECLINE
IRCTC,Mar 2021,5,-10.68,DECLINE,-0.21,DECLINE,-36.25,DECLINE
IRCTC,Mar 2022,5,4.33,NORMAL,23.58,NORMAL,-6.17,DECLINE
IRFC,Mar 2016,3,10.59,NORMAL,17.6,NORMAL,-5.39,DECLINE
IRFC,Mar 2017,3,13.44,NORMAL,10.04,NORMAL,-11.88,DECLINE
IRFC,Mar 2018,3,10.12,NORMAL,39.44,NORMAL,-75.81,DECLINE
IRFC,Mar 2018,5,10.8,NORMAL,31.53,NORMAL,-57.72,DECLINE
IRFC,Mar 2019,3,14.04,NORMAL,38.49,NORMAL,-78.01,DECLINE
IRFC,Mar 2019,5,12.43,NORMAL,26.32,NORMAL,-60.54,DECLINE
IRFC,Mar 2020,3,14.05,NORMAL,50.63,NORMAL,-72.42,DECLINE
IRFC,Mar 2020,5,14.1,NORMAL,33.31,NORMAL,-57.33,DECLINE
IRFC,Mar 2021,3,19.39,NORMAL,29.04,NORMAL,,INSUFFICIENT_DATA
IRFC,Mar 2021,5,16.01,NORMAL,39.07,NORMAL,-56.29,DECLINE
IRFC,Mar 2022,5,17.54,NORMAL,45.5,NORMAL,-48.86,DECLINE
IRFC,Mar 2023,10,15.63,NORMAL,28.01,NORMAL,-31.57,DECLINE
IRFC,Mar 2024,10,15.7,NORMAL,24.77,NORMAL,-31.15,DECLINE
JINDALSTEL,Mar 2016,3,-0.57,DECLINE,,DECLINE_TO_LOSS,,DECLINE_TO_LOSS
JINDALSTEL,Mar 2017,3,3.85,NORMAL,,DECLINE_TO_LOSS,,DECLINE_TO_LOSS
JINDALSTEL,Mar 2018,3,19.71,NORMAL,,BOTH_NEGATIVE,,BOTH_NEGATIVE
JINDALSTEL,Mar 2018,5,10.94,NORMAL,,DECLINE_TO_LOSS,,DECLINE_TO_LOSS
JINDALSTEL,Mar 2019,3,34.12,NORMAL,,BOTH_NEGATIVE,,BOTH_NEGATIVE
JINDALSTEL,Mar 2019,5,19.48,NORMAL,,DECLINE_TO_LOSS,,DECLINE_TO_LOSS
JINDALSTEL,Mar 2020,3,20.63,NORMAL,,BOTH_NEGATIVE,,BOTH_NEGATIVE
JINDALSTEL,Mar 2020,5,14.34,NORMAL,,BOTH_NEGATIVE,,BOTH_NEGATIVE
JINDALSTEL,Mar 2021,3,1.28,NORMAL,,TURNAROUND,,TURNAROUND
JINDALSTEL,Mar 2021,5,12.17,NORMAL,,TURNAROUND,,TURNAROUND
JINDALSTEL,Mar 2022,3,2.9,NORMAL,,TURNAROUND,,TURNAROUND
JINDALSTEL,Mar 2022,5,18.82,NORMAL,,TURNAROUND,,TURNAROUND
JINDALSTEL,Mar 2023,3,11.95,NORMAL,,TURNAROUND,,TURNAROUND
JINDALSTEL,Mar 2023,5,9.84,NORMAL,,TURNAROUND,,TURNAROUND
JINDALSTEL,Mar 2023,10,10.39,NORMAL,3.02,NORMAL,,INSUFFICIENT_DATA
JINDALSTEL,Mar 2024,5,1.4,NORMAL,,TURNAROUND,,TURNAROUND
JSWENERGY,Mar 2017,3,-1.51,DECLINE,-6.41,DECLINE,-7.17,DECLINE
JSWENERGY,Mar 2018,3,-4.86,DECLINE,-60.3,DECLINE,,ZERO_BASE
JSWENERGY,Mar 2018,5,-1.92,DECLINE,-37.64,DECLINE,,ZERO_BASE
JSWENERGY,Mar 2019,3,-2.38,DECLINE,-22.33,DECLINE,-23.69,DECLINE
JSWENERGY,Mar 2019,5,1.11,NORMAL,-2.09,DECLINE,-4.36,DECLINE
JSWENERGY,Mar 2020,5,-2.41,DECLINE,-4.46,DECLINE,-2.64,DECLINE
JSWENERGY,Mar 2021,3,-4.9,DECLINE,113.14,NORMAL,,ZERO_BASE
JSWENERGY,Mar 2021,5,-6.76,DECLINE,-10.83,DECLINE,-11.09,DECLINE
JSWENERGY,Mar 2022,3,-3.68,DECLINE,36.59,NORMAL,40.1,NORMAL
JSWENERGY,Mar 2022,5,-0.23,DECLINE,22.85,NORMAL,22.42,NORMAL
JSWENERGY,Mar 2023,5,5.12,NORMAL,77.08,NORMAL,,ZERO_BASE
JSWSTEEL,Mar 2016,3,2.83,NORMAL,,DECLINE_TO_LOSS,,DECLINE_TO_LOSS
JSWSTEEL,Mar 2019,3,26.83,NORMAL,,TURNAROUND,,TURNAROUND
JSWSTEEL,Mar 2021,5,13.96,NORMAL,,TURNAROUND,,TURNAROUND
JSWSTEEL,Mar 2023,3,31.3,NORMAL,1.84,NORMAL,,INSUFFICIENT_DATA
JSWSTEEL,Mar 2023,5,18.2,NORMAL,-7.5,DECLINE,-8.15,DECLINE
LICI,Mar 2022,3,8.18,NORMAL,16.23,NORMAL,,INSUFFICIENT_DATA
LICI,Mar 2023,3,7.7,NORMAL,136.83,NORMAL,,INSUFFICIENT_DATA
LICI,Mar 2024,5,8.16,NORMAL,73.18,NORMAL,,INSUFFICIENT_DATA
LODHA,Mar 2018,3,15.77,NORMAL,-0.17,DECLINE,-17.79,DECLINE
LODHA,Mar 2020,3,16.22,NORMAL,8.31,NORMAL,-11.54,DECLINE
LODHA,Mar 2020,5,14.82,NORMAL,-1.44,DECLINE,-12.94,DECLINE
LODHA,Mar 2021,3,-17.42,DECLINE,-60.75,DECLINE,-53.58,DECLINE
LODHA,Mar 2021,5,-7.96,DECLINE,-41.54,DECLINE,-42.57,DECLINE
LODHA,Mar 2021,10,9.63,NORMAL,-15.67,DECLINE,-16.4,DECLINE
LODHA,Mar 2022,3,-8.13,DECLINE,-9.76,DECLINE,-17.02,DECLINE
LODHA,Mar 2022,5,3.1,NORMAL,15.65,NORMAL,-1.59,DECLINE
LODHA,Mar 2023,3,-8.7,DECLINE,-12.92,DECLINE,-17.79,DECLINE
LODHA,Mar 2023,5,-0.43,DECLINE,-9.2,DECLINE,-12.94,DECLINE
LODHA,Mar 2024,5,-2.83,DECLINE,-1.12,DECLINE,-5.29,DECLINE
LT,Mar 2016,3,10.76,NORMAL,-4.61,DECLINE,-6.56,DECLINE
LT,Mar 2022,3,5.0,NORMAL,0.65,NORMAL,-0.53,DECLINE
LTIM,Mar 2016,3,14.93,NORMAL,14.15,NORMAL,-34.45,DECLINE
LTIM,Mar 2017,3,9.73,NORMAL,-0.84,DECLINE,-43.07,DECLINE
LTIM,Mar 2018,3,13.64,NORMAL,13.08,NORMAL,-35.12,DECLINE
LTIM,Mar 2018,5,13.66,NORMAL,14.62,NORMAL,-17.88,DECLINE
LTIM,Mar 2019,5,13.93,NORMAL,8.76,NORMAL,-22.39,DECLINE
LTIM,Mar 2020,5,16.92,NORMAL,14.6,NORMAL,-18.23,DECLINE
LTIM,Mar 2023,10,24.03,NORMAL,22.88,NORMAL,-1.54,DECLINE
LTIM,Mar 2024,10,21.86,NORMAL,16.5,NORMAL,-6.67,DECLINE
M&M,Mar 2016,3,3.35,NORMAL,-4.88,DECLINE,-8.84,DECLINE
M&M,Mar 2017,3,4.22,NORMAL,-7.71,DECLINE,-7.58,DECLINE
M&M,Mar 2020,3,-3.46,DECLINE,,DECLINE_TO_LOSS,-67.82,DECLINE
M&M,Mar 2020,5,1.08,NORMAL,,DECLINE_TO_LOSS,-47.47,DECLINE
M&M,Mar 2021,3,-6.92,DECLINE,-42.51,DECLINE,-37.0,DECLINE
M&M,Mar 2021,5,-0.42,DECLINE,-15.71,DECLINE,-9.71,DECLINE
M&M,Mar 2022,3,-4.86,DECLINE,6.43,NORMAL,7.22,NORMAL
M&M,Mar 2023,3,17.17,NORMAL,,TURNAROUND,336.21,NORMAL
MARUTI,Mar 2020,3,3.58,NORMAL,-8.9,DECLINE,-8.94,DECLINE
MARUTI,Mar 2021,3,-4.11,DECLINE,-17.73,DECLINE,-17.79,DECLINE
MARUTI,Mar 2021,5,4.09,NORMAL,-4.4,DECLINE,-4.44,DECLINE
MARUTI,Mar 2022,3,0.87,NORMAL,-20.25,DECLINE,-20.32,DECLINE
MARUTI,Mar 2022,5,5.34,NORMAL,-12.38,DECLINE,-12.46,DECLINE
MOTHERSON,Mar 2019,3,19.51,NORMAL,5.75,NORMAL,,INSUFFICIENT_DATA
MOTHERSON,Mar 2020,3,12.74,NORMAL,-15.86,DECLINE,-12.64,DECLINE
MOTHERSON,Mar 2020,5,11.87,NORMAL,0.03,NORMAL,,INSUFFICIENT_DATA
MOTHERSON,Mar 2021,3,0.63,NORMAL,-11.45,DECLINE,-12.64,DECLINE
MOTHERSON,Mar 2021,5,9.04,NORMAL,-2.43,DECLINE,-7.79,DECLINE
MOTHERSON,Mar 2022,3,0.13,NORMAL,-17.41,DECLINE,-30.66,DECLINE
MOTHERSON,Mar 2022,5,8.52,NORMAL,-11.46,DECLINE,-19.73,DECLINE
MOTHERSON,Mar 2023,3,9.07,NORMAL,8.87,NORMAL,,INSUFFICIENT_DATA
MOTHERSON,Mar 2023,5,6.95,NORMAL,-5.87,DECLINE,-7.79,DECLINE
NAUKRI,Mar 2017,3,16.13,NORMAL,,DECLINE_TO_LOSS,,DECLINE_TO_LOSS
NAUKRI,Mar 2018,3,10.51,NORMAL,,TURNAROUND,175.89,NORMAL
NAUKRI,Mar 2020,3,13.9,NORMAL,,BOTH_NEGATIVE,,BOTH_NEGATIVE
NAUKRI,Mar 2020,5,12.38,NORMAL,,BOTH_NEGATIVE,,DECLINE_TO_LOSS
NAUKRI,Mar 2022,5,12.34,NORMAL,,TURNAROUND,,TURNAROUND
NAUKRI,Mar 2023,3,21.38,NORMAL,,BOTH_NEGATIVE,,BOTH_NEGATIVE
NAUKRI,Mar 2023,5,18.88,NORMAL,,DECLINE_TO_LOSS,,DECLINE_TO_LOSS
NAUKRI,Mar 2023,10,17.39,NORMAL,,DECLINE_TO_LOSS,,DECLINE_TO_LOSS
NAUKRI,Mar 2024,3,31.0,NORMAL,-25.13,DECLINE,-26.32,DECLINE
NAUKRI,Mar 2024,5,17.12,NORMAL,0.1,NORMAL,-2.13,DECLINE
NESTLEIND,Dec 2016,3,0.15,NORMAL,-3.59,DECLINE,-5.9,DECLINE
NHPC,Mar 2016,3,9.4,NORMAL,-6.28,DECLINE,,INSUFFICIENT_DATA
NHPC,Mar 2018,3,-1.93,DECLINE,-0.16,DECLINE,,INSUFFICIENT_DATA
NHPC,Mar 2018,5,3.98,NORMAL,-0.62,DECLINE,,INSUFFICIENT_DATA
NHPC,Mar 2020,3,5.09,NORMAL,-1.31,DECLINE,,INSUFFICIENT_DATA
NHPC,Mar 2024,3,-0.06,DECLINE,3.82,NORMAL,10.06,NORMAL
NTPC,Mar 2016,3,0.87,NORMAL,-5.03,DECLINE,-5.42,DECLINE
NTPC,Mar 2017,3,1.56,NORMAL,-2.06,DECLINE,-2.86,DECLINE
NTPC,Mar 2018,5,4.25,NORMAL,-3.56,DECLINE,-3.29,DECLINE
ONGC,Mar 2016,3,-8.51,DECLINE,-18.26,DECLINE,-19.26,DECLINE
ONGC,Mar 2017,3,17.51,NORMAL,3.04,NORMAL,-3.28,DECLINE
ONGC,Mar 2018,5,14.78,NORMAL,1.67,NORMAL,-2.2,DECLINE
ONGC,Mar 2020,3,11.98,NORMAL,-26.77,DECLINE,-22.05,DECLINE
ONGC,Mar 2020,5,19.78,NORMAL,-8.34,DECLINE,-8.46,DECLINE
ONGC,Mar 2021,3,-1.99,DECLINE,-6.42,DECLINE,-8.55,DECLINE
PFC,Mar 2017,3,8.81,NORMAL,-25.75,DECLINE,-25.6,DECLINE
PNB,Mar 2016,3,5.66,NORMAL,,DECLINE_TO_LOSS,,DECLINE_TO_LOSS
PNB,Mar 2017,3,2.25,NORMAL,-30.39,DECLINE,-33.06,DECLINE
PNB,Mar 2018,3,0.01,NORMAL,,DECLINE_TO_LOSS,,DECLINE_TO_LOSS
PNB,Mar 2018,5,2.5,NORMAL,,DECLINE_TO_LOSS,,DECLINE_TO_LOSS
PNB,Mar 2019,3,0.87,NORMAL,,BOTH_NEGATIVE,,BOTH_NEGATIVE
PNB,Mar 2019,5,3.01,NORMAL,,DECLINE_TO_LOSS,,DECLINE_TO_LOSS
PNB,Mar 2020,3,4.55,NORMAL,-26.85,DECLINE,-44.97,DECLINE
PNB,Mar 2020,5,2.43,NORMAL,-32.75,DECLINE,-43.9,DECLINE
PNB,Mar 2021,3,18.92,NORMAL,,TURNAROUND,,TURNAROUND
PNB,Mar 2021,5,10.03,NORMAL,,TURNAROUND,,TURNAROUND
PNB,Mar 2022,3,13.5,NORMAL,,TURNAROUND,,TURNAROUND
PNB,Mar 2022,5,9.67,NORMAL,25.83,NORMAL,-7.79,DECLINE
PNB,Mar 2023,5,12.25,NORMAL,,TURNAROUND,,TURNAROUND
PNB,Mar 2023,10,7.26,NORMAL,-3.94,DECLINE,-20.02,DECLINE
PNB,Mar 2024,5,15.9,NORMAL,,TURNAROUND,,TURNAROUND
PNB,Mar 2024,10,9.27,NORMAL,9.56,NORMAL,-8.76,DECLINE
RECLTD,Mar 2018,3,3.32,NORMAL,-5.91,DECLINE,-5.27,DECLINE
RECLTD,Mar 2019,3,1.74,NORMAL,0.29,NORMAL,,INSUFFICIENT_DATA
RECLTD,Mar 2020,3,7.15,NORMAL,-7.65,DECLINE,-7.49,DECLINE
RECLTD,Mar 2020,5,7.82,NORMAL,-1.43,DECLINE,-1.02,DECLINE
RELIANCE,Mar 2016,3,-11.7,DECLINE,12.65,NORMAL,13.62,NORMAL
RELIANCE,Mar 2017,3,-11.16,DECLINE,9.78,NORMAL,11.2,NORMAL
RELIANCE,Mar 2018,5,-0.26,DECLINE,11.55,NORMAL,12.47,NORMAL
SBIN,Mar 2016,3,9.52,NORMAL,-11.14,DECLINE,-14.94,DECLINE
SBIN,Mar 2017,3,6.82,NORMAL,,DECLINE_TO_LOSS,,ZERO_BASE
SBIN,Mar 2018,3,3.26,NORMAL,,DECLINE_TO_LOSS,,DECLINE_TO_LOSS
SBIN,Mar 2018,5,6.39,NORMAL,,DECLINE_TO_LOSS,,DECLINE_TO_LOSS
SBIN,Mar 2019,3,4.71,NORMAL,-36.39,DECLINE,-42.76,DECLINE
SBIN,Mar 2019,5,6.03,NORMAL,-25.71,DECLINE,-30.87,DECLINE
SBIN,Mar 2020,3,5.4,NORMAL,,TURNAROUND,,ZERO_BASE
SBIN,Mar 2020,5,5.35,NORMAL,3.46,NORMAL,-0.89,DECLINE
SBIN,Mar 2021,3,6.7,NORMAL,,TURNAROUND,,TURNAROUND
SBIN,Mar 2022,5,4.7,NORMAL,,TURNAROUND,,ZERO_BASE
SBIN,Mar 2023,5,8.91,NORMAL,,TURNAROUND,,TURNAROUND
SHREECEM,Mar 2019,3,31.56,NORMAL,-3.88,DECLINE,-4.13,DECLINE
SHREECEM,Mar 2022,5,11.8,NORMAL,-1.07,DECLINE,-1.73,DECLINE
SHREECEM,Mar 2024,3,14.81,NORMAL,-9.49,DECLINE,-9.43,DECLINE
SHRIRAMFIN,Mar 2016,3,13.91,NORMAL,-6.81,DECLINE,-9.14,DECLINE
SHRIRAMFIN,Mar 2017,3,8.76,NORMAL,-2.31,DECLINE,-3.13,DECLINE
SHRIRAMFIN,Mar 2021,3,8.87,NORMAL,-0.66,DECLINE,-3.45,DECLINE
SHRIRAMFIN,Mar 2022,3,7.42,NORMAL,1.84,NORMAL,,INSUFFICIENT_DATA
SIEMENS,Sep 2014,3,-3.7,DECLINE,-11.43,DECLINE,,INSUFFICIENT_DATA
SIEMENS,Sep 2016,5,-1.94,DECLINE,27.41,NORMAL,,INSUFFICIENT_DATA
SIEMENS,Sep 2018,3,6.6,NORMAL,-8.44,DECLINE,-8.84,DECLINE
SIEMENS,Sep 2019,3,6.48,NORMAL,-27.75,DECLINE,-27.69,DECLINE
SIEMENS,Sep 2020,3,-3.49,DECLINE,-12.22,DECLINE,-11.74,DECLINE
SIEMENS,Sep 2020,5,-1.2,DECLINE,-8.11,DECLINE,-7.79,DECLINE
SIEMENS,Sep 2021,5,4.02,NORMAL,-17.87,DECLINE,-17.68,DECLINE
SIEMENS,Sep 2021,10,0.99,NORMAL,2.29,NORMAL,,INSUFFICIENT_DATA
SUNPHARMA,Mar 2018,3,-1.11,DECLINE,-22.57,DECLINE,-25.77,DECLINE
SUNPHARMA,Mar 2018,5,18.93,NORMAL,-6.03,DECLINE,-8.46,DECLINE
SUNPHARMA,Mar 2019,3,0.67,NORMAL,-17.23,DECLINE,-16.65,DECLINE
SUNPHARMA,Mar 2019,5,12.57,NORMAL,-3.73,DECLINE,-6.01,DECLINE
SUNPHARMA,Mar 2020,3,1.31,NORMAL,-18.99,DECLINE,-17.98,DECLINE
SUNPHARMA,Mar 2020,5,3.69,NORMAL,-5.29,DECLINE,-6.17,DECLINE
SUNPHARMA,Mar 2021,3,8.14,NORMAL,-3.67,DECLINE,10.06,NORMAL
SUNPHARMA,Mar 2021,5,3.29,NORMAL,-16.68,DECLINE,-8.78,DECLINE
SUNPHARMA,Mar 2022,5,4.13,NORMAL,-15.46,DECLINE,-13.55,DECLINE
TATACONSUM,Mar 2016,3,-3.35,DECLINE,,DECLINE_TO_LOSS,,ZERO_BASE
TATACONSUM,Mar 2017,3,-4.31,DECLINE,-3.73,DECLINE,-5.01,DECLINE
TATACONSUM,Mar 2018,3,-5.18,DECLINE,26.76,NORMAL,25.99,NORMAL
TATACONSUM,Mar 2018,5,-1.5,DECLINE,4.55,NORMAL,5.92,NORMAL
TATACONSUM,Mar 2019,3,3.0,NORMAL,,TURNAROUND,,ZERO_BASE
TATACONSUM,Mar 2019,5,-1.29,DECLINE,-2.17,DECLINE,-3.04,DECLINE
TATACONSUM,Mar 2020,3,12.44,NORMAL,0.36,NORMAL,-5.9,DECLINE
TATACONSUM,Mar 2021,5,11.82,NORMAL,,TURNAROUND,,ZERO_BASE
TATAMOTORS,Mar 2017,3,5.02,NORMAL,-18.67,DECLINE,-18.48,DECLINE
TATAMOTORS,Mar 2018,3,3.47,NORMAL,-13.55,DECLINE,-13.56,DECLINE
TATAMOTORS,Mar 2018,5,9.08,NORMAL,-1.84,DECLINE,-2.4,DECLINE
TATAMOTORS,Mar 2019,3,3.41,NORMAL,,DECLINE_TO_LOSS,,DECLINE_TO_LOSS
TATAMOTORS,Mar 2019,5,5.34,NORMAL,,DECLINE_TO_LOSS,,DECLINE_TO_LOSS
TATAMOTORS,Mar 2020,3,-1.08,DECLINE,,DECLINE_TO_LOSS,,DECLINE_TO_LOSS
TATAMOTORS,Mar 2020,5,-0.16,DECLINE,,DECLINE_TO_LOSS,,DECLINE_TO_LOSS
TATAMOTORS,Mar 2021,3,-5.02,DECLINE,,DECLINE_TO_LOSS,,DECLINE_TO_LOSS
TATAMOTORS,Mar 2021,5,-1.76,DECLINE,,DECLINE_TO_LOSS,,DECLINE_TO_LOSS
TATAMOTORS,Mar 2022,3,-2.66,DECLINE,,BOTH_NEGATIVE,,BOTH_NEGATIVE
TATAMOTORS,Mar 2022,5,0.64,NORMAL,,DECLINE_TO_LOSS,,DECLINE_TO_LOSS
TATAMOTORS,Mar 2023,3,9.84,NORMAL,,TURNAROUND,,TURNAROUND
TATAMOTORS,Mar 2023,5,3.48,NORMAL,-21.62,DECLINE,-25.74,DECLINE
TATAMOTORS,Mar 2023,10,6.24,NORMAL,-12.28,DECLINE,-14.87,DECLINE
TATAMOTORS,Mar 2024,3,20.58,NORMAL,,TURNAROUND,,TURNAROUND
TATAMOTORS,Mar 2024,5,7.72,NORMAL,,TURNAROUND,,TURNAROUND
TATAPOWER,Mar 2016,3,-3.85,DECLINE,85.57,NORMAL,,ZERO_BASE
TATAPOWER,Mar 2017,3,-8.26,DECLINE,350.89,NORMAL,,TURNAROUND
TATAPOWER,Mar 2018,3,-7.21,DECLINE,78.77,NORMAL,108.01,NORMAL
TATAPOWER,Mar 2018,5,-4.15,DECLINE,84.24,NORMAL,,ZERO_BASE
TATAPOWER,Mar 2019,5,-3.51,DECLINE,193.33,NORMAL,,TURNAROUND
TATAPOWER,Mar 2020,5,-2.81,DECLINE,23.56,NORMAL,31.95,NORMAL
TATAPOWER,Mar 2021,3,6.81,NORMAL,-18.01,DECLINE,-23.69,DECLINE
TATAPOWER,Mar 2022,3,12.74,NORMAL,-6.12,DECLINE,-17.79,DECLINE
TATAPOWER,Mar 2023,10,5.21,NORMAL,40.96,NORMAL,,ZERO_BASE
TATAPOWER,Mar 2024,10,5.57,NORMAL,79.98,NORMAL,,TURNAROUND
TATASTEEL,Mar 2016,3,-8.87,DECLINE,,BOTH_NEGATIVE,,TURNAROUND
TATASTEEL,Mar 2017,3,-8.92,DECLINE,,DECLINE_TO_LOSS,,DECLINE_TO_LOSS
TATASTEEL,Mar 2018,3,-4.05,DECLINE,,TURNAROUND,,TURNAROUND
TATASTEEL,Mar 2018,5,-1.76,DECLINE,,TURNAROUND,,TURNAROUND
TATASTEEL,Mar 2019,3,15.64,NORMAL,,TURNAROUND,,ZERO_BASE
TATASTEEL,Mar 2020,3,7.58,NORMAL,,TURNAROUND,,TURNAROUND
TATASTEEL,Mar 2020,5,0.04,NORMAL,,TURNAROUND,,TURNAROUND
TATASTEEL,Mar 2021,3,8.24,NORMAL,-22.72,DECLINE,-20.63,DECLINE
TATASTEEL,Mar 2021,5,8.92,NORMAL,,TURNAROUND,,ZERO_BASE
TATASTEEL,Mar 2022,5,16.79,NORMAL,,TURNAROUND,,TURNAROUND
TATASTEEL,Mar 2023,5,14.58,NORMAL,-14.57,DECLINE,-10.22,DECLINE
TATASTEEL,Mar 2023,10,6.09,NORMAL,,TURNAROUND,,TURNAROUND
TATASTEEL,Mar 2024,3,13.61,NORMAL,,DECLINE_TO_LOSS,,DECLINE_TO_LOSS
TATASTEEL,Mar 2024,5,7.77,NORMAL,,DECLINE_TO_LOSS,,DECLINE_TO_LOSS
TATASTEEL,Mar 2024,10,4.43,NORMAL,,DECLINE_TO_LOSS,,DECLINE_TO_LOSS
TECHM,Mar 2017,3,15.73,NORMAL,-2.35,DECLINE,-3.23,DECLINE
TECHM,Mar 2024,3,11.16,NORMAL,-18.04,DECLINE,-19.5,DECLINE
TECHM,Mar 2024,5,8.4,NORMAL,-10.99,DECLINE,-11.42,DECLINE
TECHM,Mar 2024,10,10.71,NORMAL,-2.42,DECLINE,-2.84,DECLINE
TITAN,Mar 2016,3,3.66,NORMAL,-2.35,DECLINE,,INSUFFICIENT_DATA
TITAN,Mar 2017,3,6.67,NORMAL,-1.75,DECLINE,,INSUFFICIENT_DATA
TITAN,Mar 2021,3,10.32,NORMAL,-4.03,DECLINE,-5.42,DECLINE
TORNTPHARM,Mar 2018,3,8.67,NORMAL,-3.35,DECLINE,-3.13,DECLINE
TORNTPHARM,Mar 2019,3,4.69,NORMAL,-36.87,DECLINE,-36.59,DECLINE
TORNTPHARM,Mar 2019,5,12.96,NORMAL,-8.07,DECLINE,-8.25,DECLINE
TORNTPHARM,Mar 2021,5,3.66,NORMAL,-6.3,DECLINE,-6.22,DECLINE
TORNTPHARM,Mar 2022,5,7.9,NORMAL,-3.61,DECLINE,-3.86,DECLINE
TRENT,Mar 2016,3,-7.53,DECLINE,,TURNAROUND,,TURNAROUND
TRENT,Mar 2017,3,-8.08,DECLINE,,TURNAROUND,,TURNAROUND
TRENT,Mar 2018,3,-1.89,DECLINE,-12.3,DECLINE,-9.14,DECLINE
TRENT,Mar 2018,5,0.23,NORMAL,,TURNAROUND,,TURNAROUND
TRENT,Mar 2019,5,2.43,NORMAL,,TURNAROUND,,TURNAROUND
TRENT,Mar 2020,3,24.37,NORMAL,7.64,NORMAL,,INSUFFICIENT_DATA
TRENT,Mar 2020,5,8.82,NORMAL,-3.85,DECLINE,-5.59,DECLINE
TRENT,Mar 2021,3,6.33,NORMAL,,DECLINE_TO_LOSS,,DECLINE_TO_LOSS
TRENT,Mar 2021,5,8.99,NORMAL,,DECLINE_TO_LOSS,,DECLINE_TO_LOSS
TRENT,Mar 2022,3,19.59,NORMAL,-28.31,DECLINE,,INSUFFICIENT_DATA
TRENT,Mar 2022,5,19.94,NORMAL,-16.26,DECLINE,,INSUFFICIENT_DATA
TRENT,Mar 2023,10,14.48,NORMAL,,TURNAROUND,,TURNAROUND
TRENT,Mar 2024,3,68.36,NORMAL,,TURNAROUND,,TURNAROUND
TRENT,Mar 2024,10,18.16,NORMAL,,TURNAROUND,,TURNAROUND
TVSMOTOR,Mar 2021,3,5.93,NORMAL,-2.94,DECLINE,-2.44,DECLINE
ULTRACEMCO,Mar 2016,3,7.03,NORMAL,-2.65,DECLINE,-2.8,DECLINE
ULTRACEMCO,Mar 2018,5,8.59,NORMAL,-3.72,DECLINE,-3.74,DECLINE
ULTRACEMCO,Mar 2019,3,18.13,NORMAL,-1.09,DECLINE,-0.75,DECLINE
ULTRACEMCO,Mar 2023,3,14.23,NORMAL,-4.1,DECLINE,-4.19,DECLINE
UNIONBANK,Mar 2016,3,8.69,NORMAL,-14.38,DECLINE,-17.79,DECLINE
UNIONBANK,Mar 2017,3,3.74,NORMAL,-30.23,DECLINE,-33.33,DECLINE
UNIONBANK,Mar 2018,3,0.81,NORMAL,,DECLINE_TO_LOSS,,DECLINE_TO_LOSS
UNIONBANK,Mar 2018,5,5.54,NORMAL,,DECLINE_TO_LOSS,,DECLINE_TO_LOSS
UNIONBANK,Mar 2019,3,2.02,NORMAL,,DECLINE_TO_LOSS,,DECLINE_TO_LOSS
UNIONBANK,Mar 2019,5,3.14,NORMAL,,DECLINE_TO_LOSS,,DECLINE_TO_LOSS
UNIONBANK,Mar 2020,3,4.53,NORMAL,,DECLINE_TO_LOSS,,DECLINE_TO_LOSS
UNIONBANK,Mar 2020,5,3.11,NORMAL,,DECLINE_TO_LOSS,,DECLINE_TO_LOSS
UNIONBANK,Mar 2021,3,28.13,NORMAL,,TURNAROUND,,TURNAROUND
UNIONBANK,Mar 2021,5,16.49,NORMAL,16.28,NORMAL,-27.52,DECLINE
UNIONBANK,Mar 2022,3,25.75,NORMAL,,TURNAROUND,,TURNAROUND
UNIONBANK,Mar 2022,5,15.76,NORMAL,55.83,NORMAL,,INSUFFICIENT_DATA
UNIONBANK,Mar 2023,3,29.38,NORMAL,,TURNAROUND,,TURNAROUND
UNIONBANK,Mar 2023,5,19.76,NORMAL,,TURNAROUND,,TURNAROUND
UNIONBANK,Mar 2023,10,12.42,NORMAL,14.77,NORMAL,-10.4,DECLINE
UNIONBANK,Mar 2024,5,23.95,NORMAL,,TURNAROUND,,TURNAROUND
UNIONBANK,Mar 2024,10,13.07,NORMAL,23.39,NORMAL,-3.97,DECLINE
UNITDSPR,Mar 2016,3,-6.46,DECLINE,,TURNAROUND,,TURNAROUND
UNITDSPR,Mar 2017,3,-5.68,DECLINE,,TURNAROUND,,TURNAROUND
UNITDSPR,Mar 2018,3,-2.45,DECLINE,,TURNAROUND,,TURNAROUND
UNITDSPR,Mar 2018,5,-3.71,DECLINE,,TURNAROUND,,TURNAROUND
UNITDSPR,Mar 2019,5,-2.33,DECLINE,,TURNAROUND,,TURNAROUND
UNITDSPR,Mar 2020,5,0.15,NORMAL,,TURNAROUND,,TURNAROUND
UNITDSPR,Mar 2021,3,-1.82,DECLINE,-17.81,DECLINE,-17.79,DECLINE
UNITDSPR,Mar 2021,5,-0.87,DECLINE,20.41,NORMAL,20.11,NORMAL
UNITDSPR,Mar 2023,10,0.22,NORMAL,,TURNAROUND,,TURNAROUND
UNITDSPR,Mar 2024,10,0.75,NORMAL,,TURNAROUND,,TURNAROUND
VBL,Dec 2015,3,23.54,NORMAL,65.34,NORMAL,-20.63,DECLINE
VBL,Dec 2016,3,22.22,NORMAL,,TURNAROUND,,ZERO_BASE
VBL,Dec 2017,3,16.97,NORMAL,,TURNAROUND,,ZERO_BASE
VBL,Dec 2017,5,17.34,NORMAL,53.64,NORMAL,-12.94,DECLINE
VBL,Dec 2018,3,14.58,NORMAL,38.47,NORMAL,,INSUFFICIENT_DATA
VBL,Dec 2018,5,19.27,NORMAL,,TURNAROUND,,ZERO_BASE
VBL,Dec 2019,3,22.69,NORMAL,114.24,NORMAL,,ZERO_BASE
VBL,Dec 2019,5,23.3,NORMAL,,TURNAROUND,,ZERO_BASE
VBL,Dec 2020,3,17.23,NORMAL,18.6,NORMAL,,INSUFFICIENT_DATA
VBL,Dec 2020,5,13.7,NORMAL,25.87,NORMAL,,INSUFFICIENT_DATA
VBL,Dec 2021,5,17.97,NORMAL,73.1,NORMAL,,ZERO_BASE
VBL,Dec 2023,10,22.46,NORMAL,,TURNAROUND,,ZERO_BASE
VEDL,Mar 2016,3,185.93,NORMAL,,DECLINE_TO_LOSS,,DECLINE_TO_LOSS
VEDL,Mar 2017,3,2.97,NORMAL,-0.31,DECLINE,3.08,NORMAL
VEDL,Mar 2018,3,7.62,NORMAL,,TURNAROUND,,TURNAROUND
VEDL,Mar 2019,3,12.72,NORMAL,,TURNAROUND,,TURNAROUND
VEDL,Mar 2019,5,6.83,NORMAL,-3.22,DECLINE,-1.98,DECLINE
VEDL,Mar 2020,3,5.35,NORMAL,,DECLINE_TO_LOSS,,DECLINE_TO_LOSS
VEDL,Mar 2020,5,2.76,NORMAL,,BOTH_NEGATIVE,,BOTH_NEGATIVE
VEDL,Mar 2021,3,-1.42,DECLINE,3.16,NORMAL,3.45,NORMAL
VEDL,Mar 2021,5,6.49,NORMAL,,TURNAROUND,,TURNAROUND
VEDL,Mar 2023,3,20.38,NORMAL,,TURNAROUND,,TURNAROUND
VEDL,Mar 2023,5,9.9,NORMAL,1.16,NORMAL,,INSUFFICIENT_DATA
VEDL,Mar 2024,3,17.76,NORMAL,-20.55,DECLINE,-29.2,DECLINE
VEDL,Mar 2024,5,9.32,NORMAL,-4.91,DECLINE,-10.35,DECLINE
VEDL,Mar 2024,10,8.07,NORMAL,-4.07,DECLINE,-6.26,DECLINE
WIPRO,Mar 2018,3,5.09,NORMAL,-2.8,DECLINE,,INSUFFICIENT_DATA
WIPRO,Mar 2019,3,4.82,NORMAL,0.23,NORMAL,,INSUFFICIENT_DATA
ZOMATO,Mar 2021,3,62.35,NORMAL,,BOTH_NEGATIVE,,BOTH_NEGATIVE
ZOMATO,Mar 2022,3,47.25,NORMAL,,BOTH_NEGATIVE,,BOTH_NEGATIVE
ZOMATO,Mar 2023,3,39.55,NORMAL,,BOTH_NEGATIVE,,BOTH_NEGATIVE
ZOMATO,Mar 2023,5,72.31,NORMAL,,BOTH_NEGATIVE,,BOTH_NEGATIVE
ZOMATO,Mar 2024,3,82.47,NORMAL,,TURNAROUND,,TURNAROUND
ZOMATO,Mar 2024,5,55.96,NORMAL,,TURNAROUND,,TURNAROUND
ZYDUSLIFE,Mar 2019,3,11.78,NORMAL,-1.12,DECLINE,-1.79,DECLINE
ZYDUSLIFE,Mar 2020,3,14.98,NORMAL,-7.41,DECLINE,-9.82,DECLINE
ZYDUSLIFE,Mar 2020,5,10.5,NORMAL,0.27,NORMAL,,INSUFFICIENT_DATA
