company_id,year,horizon_years,eps_cagr_value,eps_cagr_flag
ABB,Mar 2015,3,16.67,NORMAL
ABB,Mar 2017,3,11.81,NORMAL
ABB,Mar 2017,5,13.84,NORMAL
ABB,Mar 2018,3,20.51,NORMAL
ABB,Mar 2019,3,20.89,NORMAL
ABB,Mar 2019,5,17.92,NORMAL
ABB,Mar 2020,3,28.99,NORMAL
ABB,Mar 2020,5,20.9,NORMAL
ABB,Mar 2021,3,19.8,NORMAL
ABB,Mar 2021,5,22.05,NORMAL
ABB,Mar 2022,3,21.05,NORMAL
ABB,Mar 2022,5,23.67,NORMAL
ABB,Mar 2022,10,18.65,NORMAL
ABB,Mar 2023,3,17.01,NORMAL
ABB,Mar 2023,5,18.79,NORMAL
ABB,Mar 2024,3,20.24,NORMAL
ABB,Mar 2024,5,21.66,NORMAL
ABB,Mar 2024,10,19.77,NORMAL
ADANIENSOL,Mar 2017,3,,ZERO_BASE
ADANIENSOL,Mar 2018,3,,ZERO_BASE
ADANIENSOL,Mar 2019,3,18.56,NORMAL
ADANIENSOL,Mar 2019,5,,ZERO_BASE
ADANIENSOL,Mar 2020,3,20.51,NORMAL
ADANIENSOL,Mar 2020,5,,ZERO_BASE
ADANIENSOL,Mar 2021,3,3.23,NORMAL
ADANIENSOL,Mar 2021,5,29.67,NORMAL
ADANIENSOL,Mar 2022,3,30.06,NORMAL
ADANIENSOL,Mar 2022,5,22.42,NORMAL
ADANIENSOL,Mar 2023,3,16.26,NORMAL
ADANIENSOL,Mar 2023,5,1.92,NORMAL
ADANIENSOL,Mar 2024,3,-3.13,DECLINE
ADANIENSOL,Mar 2024,5,14.87,NORMAL
ADANIENSOL,Mar 2024,10,,ZERO_BASE
ADANIENT,Mar 2016,3,-15.66,DECLINE
ADANIENT,Mar 2017,3,-23.37,DECLINE
ADANIENT,Mar 2018,3,-27.01,DECLINE
ADANIENT,Mar 2018,5,-14.14,DECLINE
ADANIENT,Mar 2019,3,-8.04,DECLINE
ADANIENT,Mar 2019,5,-18.94,DECLINE
ADANIENT,Mar 2020,3,3.57,NORMAL
ADANIENT,Mar 2020,5,-11.09,DECLINE
ADANIENT,Mar 2021,3,4.55,NORMAL
ADANIENT,Mar 2021,5,-2.33,DECLINE
ADANIENT,Mar 2022,3,,INSUFFICIENT_DATA
ADANIENT,Mar 2022,5,-4.9,DECLINE
ADANIENT,Mar 2023,3,30.06,NORMAL
ADANIENT,Mar 2023,5,25.74,NORMAL
ADANIENT,Mar 2023,10,3.9,NORMAL
ADANIENT,Mar 2024,3,51.83,NORMAL
ADANIENT,Mar 2024,5,31.95,NORMAL
ADANIENT,Mar 2024,10,3.42,NORMAL
ADANIGREEN,Mar 2020,3,,ZERO_BASE
ADANIGREEN,Mar 2021,3,,TURNAROUND
ADANIGREEN,Mar 2022,3,,TURNAROUND
ADANIGREEN,Mar 2022,5,,ZERO_BASE
ADANIGREEN,Mar 2023,3,,ZERO_BASE
ADANIGREEN,Mar 2023,5,,TURNAROUND
ADANIGREEN,Mar 2024,3,91.29,NORMAL
ADANIGREEN,Mar 2024,5,,TURNAROUND
ADANIPORTS,Mar 2016,3,20.51,NORMAL
ADANIPORTS,Mar 2016,3,20.51,NORMAL
ADANIPORTS,Mar 2017,3,33.42,NORMAL
ADANIPORTS,Mar 2017,3,33.42,NORMAL
ADANIPORTS,Mar 2018,3,17.84,NORMAL
ADANIPORTS,Mar 2018,5,17.61,NORMAL
ADANIPORTS,Mar 2018,3,17.84,NORMAL
ADANIPORTS,Mar 2018,5,17.61,NORMAL
ADANIPORTS,Mar 2019,3,10.72,NORMAL
ADANIPORTS,Mar 2019,5,18.89,NORMAL
ADANIPORTS,Mar 2019,3,10.72,NORMAL
ADANIPORTS,Mar 2019,5,18.89,NORMAL
ADANIPORTS,Mar 2020,3,,INSUFFICIENT_DATA
ADANIPORTS,Mar 2020,5,11.55,NORMAL
ADANIPORTS,Mar 2020,3,,INSUFFICIENT_DATA
ADANIPORTS,Mar 2020,5,11.55,NORMAL
ADANIPORTS,Mar 2021,3,11.57,NORMAL
ADANIPORTS,Mar 2021,5,12.3,NORMAL
ADANIPORTS,Mar 2021,3,11.57,NORMAL
ADANIPORTS,Mar 2021,5,12.3,NORMAL
ADANIPORTS,Mar 2022,3,6.58,NORMAL
ADANIPORTS,Mar 2022,5,3.9,NORMAL
ADANIPORTS,Mar 2022,3,6.58,NORMAL
ADANIPORTS,Mar 2022,5,3.9,NORMAL
ADANIPORTS,Mar 2023,3,9.58,NORMAL
ADANIPORTS,Mar 2023,5,6.79,NORMAL
ADANIPORTS,Mar 2023,10,12.07,NORMAL
ADANIPORTS,Mar 2023,3,9.58,NORMAL
ADANIPORTS,Mar 2023,5,6.79,NORMAL
ADANIPORTS,Mar 2023,10,12.07,NORMAL
ADANIPORTS,Mar 2024,3,14.98,NORMAL
ADANIPORTS,Mar 2024,5,14.87,NORMAL
ADANIPORTS,Mar 2024,10,16.86,NORMAL
ADANIPORTS,Mar 2024,3,14.98,NORMAL
ADANIPORTS,Mar 2024,5,14.87,NORMAL
ADANIPORTS,Mar 2024,10,16.86,NORMAL
ADANIPOWER,Mar 2016,3,,TURNAROUND
ADANIPOWER,Mar 2017,3,,BOTH_NEGATIVE
ADANIPOWER,Mar 2018,3,,BOTH_NEGATIVE
ADANIPOWER,Mar 2018,5,,BOTH_NEGATIVE
ADANIPOWER,Mar 2019,3,,DECLINE_TO_LOSS
ADANIPOWER,Mar 2019,5,,BOTH_NEGATIVE
ADANIPOWER,Mar 2020,3,,BOTH_NEGATIVE
ADANIPOWER,Mar 2020,5,,BOTH_NEGATIVE
ADANIPOWER,Mar 2021,3,,TURNAROUND
ADANIPOWER,Mar 2021,5,8.45,NORMAL
ADANIPOWER,Mar 2022,3,,TURNAROUND
ADANIPOWER,Mar 2022,5,,TURNAROUND
ADANIPOWER,Mar 2023,3,,TURNAROUND
ADANIPOWER,Mar 2023,5,,TURNAROUND
ADANIPOWER,Mar 2023,10,,TURNAROUND
ADANIPOWER,Mar 2024,3,162.07,NORMAL
ADANIPOWER,Mar 2024,5,,TURNAROUND
ADANIPOWER,Mar 2024,10,,TURNAROUND
AMBUJACEM,Dec 2015,3,-14.5,DECLINE
AMBUJACEM,Dec 2016,3,-9.14,DECLINE
AMBUJACEM,Dec 2017,3,-7.17,DECLINE
AMBUJACEM,Dec 2017,5,,INSUFFICIENT_DATA
AMBUJACEM,Dec 2018,3,30.06,NORMAL
AMBUJACEM,Dec 2018,5,6.58,NORMAL
AMBUJACEM,Dec 2019,3,22.39,NORMAL
AMBUJACEM,Dec 2019,5,1.92,NORMAL
AMBUJACEM,Dec 2020,3,14.47,NORMAL
AMBUJACEM,Dec 2020,5,19.14,NORMAL
AMBUJACEM,Dec 2021,3,8.37,NORMAL
AMBUJACEM,Dec 2021,5,18.47,NORMAL
AMBUJACEM,Mar 2023 15,3,2.7,NORMAL
AMBUJACEM,Mar 2023 15,5,3.4,NORMAL
AMBUJACEM,Mar 2023 15,10,4.97,NORMAL
AMBUJACEM,Mar 2024,3,4.55,NORMAL
AMBUJACEM,Mar 2024,5,7.78,NORMAL
AMBUJACEM,Mar 2024,10,4.81,NORMAL
APOLLOHOSP,Mar 2016,3,-8.24,DECLINE
APOLLOHOSP,Mar 2017,3,-11.39,DECLINE
APOLLOHOSP,Mar 2018,3,-30.66,DECLINE
APOLLOHOSP,Mar 2018,5,-18.32,DECLINE
APOLLOHOSP,Mar 2019,3,,INSUFFICIENT_DATA
APOLLOHOSP,Mar 2019,5,-5.87,DECLINE
APOLLOHOSP,Mar 2020,3,27.29,NORMAL
APOLLOHOSP,Mar 2020,5,6.58,NORMAL
APOLLOHOSP,Mar 2021,3,7.72,NORMAL
APOLLOHOSP,Mar 2021,5,-10.07,DECLINE
APOLLOHOSP,Mar 2022,3,62.54,NORMAL
APOLLOHOSP,Mar 2022,5,35.47,NORMAL
APOLLOHOSP,Mar 2023,3,19.98,NORMAL
APOLLOHOSP,Mar 2023,5,48.1,NORMAL
APOLLOHOSP,Mar 2023,10,9.99,NORMAL
APOLLOHOSP,Mar 2024,3,84.69,NORMAL
APOLLOHOSP,Mar 2024,5,29.95,NORMAL
APOLLOHOSP,Mar 2024,10,10.6,NORMAL
ASIANPAINT,Mar 2016,3,14.47,NORMAL
ASIANPAINT,Mar 2017,3,15.44,NORMAL
ASIANPAINT,Mar 2018,3,11.87,NORMAL
ASIANPAINT,Mar 2018,5,11.84,NORMAL
ASIANPAINT,Mar 2019,3,6.92,NORMAL
ASIANPAINT,Mar 2019,5,11.1,NORMAL
ASIANPAINT,Mar 2020,3,11.87,NORMAL
ASIANPAINT,Mar 2020,5,13.3,NORMAL
ASIANPAINT,Mar 2021,3,16.26,NORMAL
ASIANPAINT,Mar 2021,5,12.89,NORMAL
ASIANPAINT,Mar 2022,3,13.3,NORMAL
ASIANPAINT,Mar 2022,5,9.86,NORMAL
ASIANPAINT,Mar 2023,3,15.37,NORMAL
ASIANPAINT,Mar 2023,5,15.41,NORMAL
ASIANPAINT,Mar 2023,10,13.61,NORMAL
ASIANPAINT,Mar 2024,3,19.98,NORMAL
ASIANPAINT,Mar 2024,5,20.97,NORMAL
ASIANPAINT,Mar 2024,10,15.93,NORMAL
ATGL,Mar 2021,3,-12.64,DECLINE
ATGL,Mar 2022,3,35.72,NORMAL
ATGL,Mar 2023,3,7.72,NORMAL
ATGL,Mar 2023,5,-3.58,DECLINE
ATGL,Mar 2024,3,14.47,NORMAL
ATGL,Mar 2024,5,24.57,NORMAL
AXISBANK,Mar 2016,3,16.74,NORMAL
AXISBANK,Mar 2017,3,-16.75,DECLINE
AXISBANK,Mar 2018,3,-68.17,DECLINE
AXISBANK,Mar 2018,5,-46.11,DECLINE
AXISBANK,Mar 2019,3,-19.88,DECLINE
AXISBANK,Mar 2019,5,-7.09,DECLINE
AXISBANK,Mar 2020,3,-26.32,DECLINE
AXISBANK,Mar 2020,5,-28.0,DECLINE
AXISBANK,Mar 2021,3,180.2,NORMAL
AXISBANK,Mar 2021,5,-8.87,DECLINE
AXISBANK,Mar 2022,3,32.64,NORMAL
AXISBANK,Mar 2022,5,22.87,NORMAL
AXISBANK,Mar 2023,3,72.88,NORMAL
AXISBANK,Mar 2023,5,98.73,NORMAL
AXISBANK,Mar 2023,10,3.49,NORMAL
AXISBANK,Mar 2024,3,54.41,NORMAL
AXISBANK,Mar 2024,5,35.1,NORMAL
AXISBANK,Mar 2024,10,12.03,NORMAL
BAJAJ-AUTO,Mar 2016,3,9.04,NORMAL
BAJAJ-AUTO,Mar 2017,3,6.42,NORMAL
BAJAJ-AUTO,Mar 2018,3,11.61,NORMAL
BAJAJ-AUTO,Mar 2018,5,6.21,NORMAL
BAJAJ-AUTO,Mar 2019,3,6.69,NORMAL
BAJAJ-AUTO,Mar 2019,5,7.76,NORMAL
BAJAJ-AUTO,Mar 2020,3,8.48,NORMAL
BAJAJ-AUTO,Mar 2020,5,11.38,NORMAL
BAJAJ-AUTO,Mar 2021,3,4.79,NORMAL
BAJAJ-AUTO,Mar 2021,5,3.71,NORMAL
BAJAJ-AUTO,Mar 2022,3,7.81,NORMAL
BAJAJ-AUTO,Mar 2022,5,8.6,NORMAL
BAJAJ-AUTO,Mar 2023,3,5.94,NORMAL
BAJAJ-AUTO,Mar 2023,5,7.95,NORMAL
BAJAJ-AUTO,Mar 2023,10,7.08,NORMAL
BAJAJ-AUTO,Mar 2024,3,18.0,NORMAL
BAJAJ-AUTO,Mar 2024,5,10.18,NORMAL
BAJAJ-AUTO,Mar 2024,10,8.96,NORMAL
BAJAJFINSV,Mar 2016,3,6.27,NORMAL
BAJAJFINSV,Mar 2017,3,11.87,NORMAL
BAJAJFINSV,Mar 2018,3,15.62,NORMAL
BAJAJFINSV,Mar 2018,5,11.2,NORMAL
BAJAJFINSV,Mar 2019,3,18.56,NORMAL
BAJAJFINSV,Mar 2019,5,14.87,NORMAL
BAJAJFINSV,Mar 2020,3,14.47,NORMAL
BAJAJFINSV,Mar 2020,5,13.81,NORMAL
BAJAJFINSV,Mar 2021,3,18.1,NORMAL
BAJAJFINSV,Mar 2021,5,18.47,NORMAL
BAJAJFINSV,Mar 2022,3,13.19,NORMAL
BAJAJFINSV,Mar 2022,5,15.68,NORMAL
BAJAJFINSV,Mar 2023,3,23.96,NORMAL
BAJAJFINSV,Mar 2023,5,18.66,NORMAL
BAJAJFINSV,Mar 2023,10,14.87,NORMAL
BAJAJFINSV,Mar 2024,3,22.12,NORMAL
BAJAJFINSV,Mar 2024,5,20.59,NORMAL
BAJAJFINSV,Mar 2024,10,17.69,NORMAL
BAJAJHLDNG,Mar 2016,3,6.9,NORMAL
BAJAJHLDNG,Mar 2017,3,7.44,NORMAL
BAJAJHLDNG,Mar 2018,3,9.51,NORMAL
BAJAJHLDNG,Mar 2018,5,7.43,NORMAL
BAJAJHLDNG,Mar 2019,3,10.33,NORMAL
BAJAJHLDNG,Mar 2019,5,8.89,NORMAL
BAJAJHLDNG,Mar 2020,3,6.61,NORMAL
BAJAJHLDNG,Mar 2020,5,8.13,NORMAL
BAJAJHLDNG,Mar 2021,3,11.13,NORMAL
BAJAJHLDNG,Mar 2021,5,9.96,NORMAL
BAJAJHLDNG,Mar 2022,3,9.93,NORMAL
BAJAJHLDNG,Mar 2022,5,10.4,NORMAL
BAJAJHLDNG,Mar 2023,3,17.47,NORMAL
BAJAJHLDNG,Mar 2023,5,12.78,NORMAL
BAJAJHLDNG,Mar 2023,10,10.07,NORMAL
BAJAJHLDNG,Mar 2024,3,25.8,NORMAL
BAJAJHLDNG,Mar 2024,5,18.97,NORMAL
BAJAJHLDNG,Mar 2024,10,13.82,NORMAL
BAJFINANCE,Mar 2018,3,33.68,NORMAL
BAJFINANCE,Mar 2019,3,42.19,NORMAL
BAJFINANCE,Mar 2020,3,38.14,NORMAL
BAJFINANCE,Mar 2020,5,37.04,NORMAL
BAJFINANCE,Mar 2021,3,19.29,NORMAL
BAJFINANCE,Mar 2021,5,24.92,NORMAL
BAJFINANCE,Mar 2022,3,18.91,NORMAL
BAJFINANCE,Mar 2022,5,28.58,NORMAL
BAJFINANCE,Mar 2023,3,29.74,NORMAL
BAJFINANCE,Mar 2023,5,34.6,NORMAL
BAJFINANCE,Mar 2024,3,47.23,NORMAL
BAJFINANCE,Mar 2024,5,27.56,NORMAL
BANKBARODA,Mar 2016,3,,DECLINE_TO_LOSS
BANKBARODA,Mar 2017,3,-29.67,DECLINE
BANKBARODA,Mar 2018,3,,DECLINE_TO_LOSS
BANKBARODA,Mar 2018,5,,DECLINE_TO_LOSS
BANKBARODA,Mar 2019,3,,TURNAROUND
BANKBARODA,Mar 2019,5,-29.52,DECLINE
BANKBARODA,Mar 2020,3,-37.0,DECLINE
BANKBARODA,Mar 2020,5,-35.56,DECLINE
BANKBARODA,Mar 2021,3,,TURNAROUND
BANKBARODA,Mar 2021,5,,TURNAROUND
BANKBARODA,Mar 2022,3,55.36,NORMAL
BANKBARODA,Mar 2022,5,13.4,NORMAL
BANKBARODA,Mar 2023,3,143.85,NORMAL
BANKBARODA,Mar 2023,5,,TURNAROUND
BANKBARODA,Mar 2023,10,2.35,NORMAL
BANKBARODA,Mar 2024,3,128.94,NORMAL
BANKBARODA,Mar 2024,5,55.18,NORMAL
BANKBARODA,Mar 2024,10,4.58,NORMAL
BEL,Mar 2016,3,25.99,NORMAL
BEL,Mar 2017,3,25.99,NORMAL
BEL,Mar 2018,3,,INSUFFICIENT_DATA
BEL,Mar 2018,5,14.87,NORMAL
BEL,Mar 2019,3,14.47,NORMAL
BEL,Mar 2019,5,24.57,NORMAL
BEL,Mar 2020,3,14.47,NORMAL
BEL,Mar 2020,5,8.45,NORMAL
BEL,Mar 2021,3,14.47,NORMAL
BEL,Mar 2021,5,8.45,NORMAL
BEL,Mar 2022,3,,INSUFFICIENT_DATA
BEL,Mar 2022,5,8.45,NORMAL
BEL,Mar 2023,3,10.06,NORMAL
BEL,Mar 2023,5,14.87,NORMAL
BEL,Mar 2023,10,14.87,NORMAL
BEL,Mar 2024,3,18.56,NORMAL
BEL,Mar 2024,5,10.76,NORMAL
BEL,Mar 2024,10,17.46,NORMAL
BHARTIARTL,Mar 2016,3,40.1,NORMAL
BHARTIARTL,Mar 2017,3,11.87,NORMAL
BHARTIARTL,Mar 2018,3,-37.0,DECLINE
BHARTIARTL,Mar 2018,5,-12.94,DECLINE
BHARTIARTL,Mar 2019,3,-55.04,DECLINE
BHARTIARTL,Mar 2019,5,-27.52,DECLINE
BHARTIARTL,Mar 2020,3,,DECLINE_TO_LOSS
BHARTIARTL,Mar 2020,5,,DECLINE_TO_LOSS
BHARTIARTL,Mar 2021,3,,DECLINE_TO_LOSS
BHARTIARTL,Mar 2021,5,,DECLINE_TO_LOSS
BHARTIARTL,Mar 2022,3,91.29,NORMAL
BHARTIARTL,Mar 2022,5,,INSUFFICIENT_DATA
BHARTIARTL,Mar 2023,3,,TURNAROUND
BHARTIARTL,Mar 2023,5,49.63,NORMAL
BHARTIARTL,Mar 2023,10,14.13,NORMAL
BHARTIARTL,Mar 2024,3,,TURNAROUND
BHARTIARTL,Mar 2024,5,67.03,NORMAL
BHARTIARTL,Mar 2024,10,10.03,NORMAL
BHEL,Mar 2016,3,,DECLINE_TO_LOSS
BHEL,Mar 2017,3,-53.58,DECLINE
BHEL,Mar 2018,3,-37.0,DECLINE
BHEL,Mar 2018,5,-43.9,DECLINE
BHEL,Mar 2019,3,,TURNAROUND
BHEL,Mar 2019,5,-21.4,DECLINE
BHEL,Mar 2020,3,,DECLINE_TO_LOSS
BHEL,Mar 2020,5,,DECLINE_TO_LOSS
BHEL,Mar 2021,3,,DECLINE_TO_LOSS
BHEL,Mar 2021,5,,BOTH_NEGATIVE
BHEL,Mar 2022,3,-30.66,DECLINE
BHEL,Mar 2022,5,,INSUFFICIENT_DATA
BHEL,Mar 2023,3,,TURNAROUND
BHEL,Mar 2023,5,14.87,NORMAL
BHEL,Mar 2023,10,-19.73,DECLINE
BHEL,Mar 2024,3,,TURNAROUND
BHEL,Mar 2024,5,-19.73,DECLINE
BHEL,Mar 2024,10,-20.57,DECLINE
BOSCHLTD,Mar 2015,3,11.78,NORMAL
BOSCHLTD,Mar 2016,3,20.06,NORMAL
BOSCHLTD,Mar 2017,5,13.32,NORMAL
BOSCHLTD,Mar 2018,3,1.77,NORMAL
BOSCHLTD,Mar 2018,5,9.75,NORMAL
BOSCHLTD,Mar 2019,3,3.56,NORMAL
BOSCHLTD,Mar 2020,3,-27.19,DECLINE
BOSCHLTD,Mar 2020,5,-12.38,DECLINE
BOSCHLTD,Mar 2021,3,-28.52,DECLINE
BOSCHLTD,Mar 2021,5,-19.59,DECLINE
BOSCHLTD,Mar 2022,3,-8.66,DECLINE
BOSCHLTD,Mar 2022,5,-6.24,DECLINE
BOSCHLTD,Mar 2022,10,3.08,NORMAL
BOSCHLTD,Mar 2023,3,29.97,NORMAL
BOSCHLTD,Mar 2023,5,1.47,NORMAL
BOSCHLTD,Mar 2023,10,5.53,NORMAL
BOSCHLTD,Mar 2024,3,72.65,NORMAL
BOSCHLTD,Mar 2024,5,9.26,NORMAL
BPCL,Mar 2016,3,68.1,NORMAL
BPCL,Mar 2017,3,30.5,NORMAL
BPCL,Mar 2018,3,24.05,NORMAL
BPCL,Mar 2018,5,39.33,NORMAL
BPCL,Mar 2019,3,-1.79,DECLINE
BPCL,Mar 2019,5,14.87,NORMAL
BPCL,Mar 2020,3,-29.53,DECLINE
BPCL,Mar 2020,5,-8.64,DECLINE
BPCL,Mar 2021,3,20.78,NORMAL
BPCL,Mar 2021,5,14.26,NORMAL
BPCL,Mar 2022,3,14.47,NORMAL
BPCL,Mar 2022,5,6.19,NORMAL
BPCL,Mar 2023,3,-10.61,DECLINE
BPCL,Mar 2023,5,-24.95,DECLINE
BPCL,Mar 2023,10,2.26,NORMAL
BPCL,Mar 2024,3,18.78,NORMAL
BPCL,Mar 2024,5,28.06,NORMAL
BPCL,Mar 2024,10,21.29,NORMAL
BRITANNIA,Mar 2016,3,45.67,NORMAL
BRITANNIA,Mar 2017,3,32.24,NORMAL
BRITANNIA,Mar 2018,3,13.14,NORMAL
BRITANNIA,Mar 2018,5,30.73,NORMAL
BRITANNIA,Mar 2019,3,12.18,NORMAL
BRITANNIA,Mar 2019,5,24.57,NORMAL
BRITANNIA,Mar 2020,3,16.17,NORMAL
BRITANNIA,Mar 2020,5,14.87,NORMAL
BRITANNIA,Mar 2021,3,22.39,NORMAL
BRITANNIA,Mar 2021,5,17.76,NORMAL
BRITANNIA,Mar 2022,3,9.49,NORMAL
BRITANNIA,Mar 2022,5,11.23,NORMAL
BRITANNIA,Mar 2023,3,18.29,NORMAL
BRITANNIA,Mar 2023,5,17.98,NORMAL
BRITANNIA,Mar 2023,10,24.19,NORMAL
BRITANNIA,Mar 2024,3,4.95,NORMAL
BRITANNIA,Mar 2024,5,13.14,NORMAL
BRITANNIA,Mar 2024,10,18.72,NORMAL
CANBK,Mar 2016,3,,DECLINE_TO_LOSS
CANBK,Mar 2017,3,-20.63,DECLINE
CANBK,Mar 2018,3,,DECLINE_TO_LOSS
CANBK,Mar 2018,5,,DECLINE_TO_LOSS
CANBK,Mar 2019,3,,TURNAROUND
CANBK,Mar 2019,5,-27.52,DECLINE
CANBK,Mar 2020,3,,DECLINE_TO_LOSS
CANBK,Mar 2020,5,,DECLINE_TO_LOSS
CANBK,Mar 2021,3,,TURNAROUND
CANBK,Mar 2021,5,,TURNAROUND
CANBK,Mar 2022,3,51.83,NORMAL
CANBK,Mar 2022,5,6.96,NORMAL
CANBK,Mar 2023,3,,TURNAROUND
CANBK,Mar 2023,5,,TURNAROUND
CANBK,Mar 2023,10,,INSUFFICIENT_DATA
CANBK,Mar 2024,3,61.98,NORMAL
CANBK,Mar 2024,5,53.42,NORMAL
CANBK,Mar 2024,10,5.45,NORMAL
CHOLAFIN,Mar 2016,3,20.51,NORMAL
CHOLAFIN,Mar 2017,3,21.64,NORMAL
CHOLAFIN,Mar 2018,3,25.99,NORMAL
CHOLAFIN,Mar 2018,5,24.57,NORMAL
CHOLAFIN,Mar 2019,3,28.92,NORMAL
CHOLAFIN,Mar 2019,5,24.57,NORMAL
CHOLAFIN,Mar 2020,3,13.04,NORMAL
CHOLAFIN,Mar 2020,5,16.72,NORMAL
CHOLAFIN,Mar 2021,3,16.55,NORMAL
CHOLAFIN,Mar 2021,5,22.1,NORMAL
CHOLAFIN,Mar 2022,3,20.12,NORMAL
CHOLAFIN,Mar 2022,5,23.64,NORMAL
CHOLAFIN,Mar 2023,3,35.02,NORMAL
CHOLAFIN,Mar 2023,5,21.67,NORMAL
CHOLAFIN,Mar 2023,10,23.11,NORMAL
CHOLAFIN,Mar 2024,3,29.22,NORMAL
CHOLAFIN,Mar 2024,5,22.28,NORMAL
CHOLAFIN,Mar 2024,10,23.42,NORMAL
CIPLA,Mar 2016,3,-3.64,DECLINE
CIPLA,Mar 2017,3,-8.55,DECLINE
CIPLA,Mar 2018,3,6.27,NORMAL
CIPLA,Mar 2018,5,-1.08,DECLINE
CIPLA,Mar 2019,3,3.78,NORMAL
CIPLA,Mar 2019,5,2.25,NORMAL
CIPLA,Mar 2020,3,13.48,NORMAL
CIPLA,Mar 2020,5,4.84,NORMAL
CIPLA,Mar 2021,3,18.56,NORMAL
CIPLA,Mar 2021,5,12.03,NORMAL
CIPLA,Mar 2022,3,17.73,NORMAL
CIPLA,Mar 2022,5,18.98,NORMAL
CIPLA,Mar 2023,3,22.59,NORMAL
CIPLA,Mar 2023,5,14.22,NORMAL
CIPLA,Mar 2023,10,6.3,NORMAL
CIPLA,Mar 2024,3,19.35,NORMAL
CIPLA,Mar 2024,5,21.83,NORMAL
CIPLA,Mar 2024,10,11.61,NORMAL
COALINDIA,Mar 2016,3,-5.2,DECLINE
COALINDIA,Mar 2017,3,-14.5,DECLINE
COALINDIA,Mar 2018,3,-20.63,DECLINE
COALINDIA,Mar 2018,5,-16.44,DECLINE
COALINDIA,Mar 2019,3,6.78,NORMAL
COALINDIA,Mar 2019,5,3.13,NORMAL
COALINDIA,Mar 2020,3,21.64,NORMAL
COALINDIA,Mar 2020,5,4.18,NORMAL
COALINDIA,Mar 2021,3,24.05,NORMAL
COALINDIA,Mar 2021,5,-1.8,DECLINE
COALINDIA,Mar 2022,3,,INSUFFICIENT_DATA
COALINDIA,Mar 2022,5,13.3,NORMAL
COALINDIA,Mar 2023,3,24.42,NORMAL
COALINDIA,Mar 2023,5,36.43,NORMAL
COALINDIA,Mar 2023,10,6.77,NORMAL
COALINDIA,Mar 2024,3,42.68,NORMAL
COALINDIA,Mar 2024,5,16.85,NORMAL
COALINDIA,Mar 2024,10,9.78,NORMAL
DABUR,Mar 2016,3,20.51,NORMAL
DABUR,Mar 2017,3,11.87,NORMAL
DABUR,Mar 2018,3,10.06,NORMAL
DABUR,Mar 2018,5,14.87,NORMAL
DABUR,Mar 2019,3,4.55,NORMAL
DABUR,Mar 2019,5,9.86,NORMAL
DABUR,Mar 2020,3,4.55,NORMAL
DABUR,Mar 2020,5,5.92,NORMAL
DABUR,Mar 2021,3,7.72,NORMAL
DABUR,Mar 2021,5,7.39,NORMAL
DABUR,Mar 2022,3,7.72,NORMAL
DABUR,Mar 2022,5,7.39,NORMAL
DABUR,Mar 2023,3,7.72,NORMAL
DABUR,Mar 2023,5,4.56,NORMAL
DABUR,Mar 2023,10,9.6,NORMAL
DABUR,Mar 2024,3,,INSUFFICIENT_DATA
DABUR,Mar 2024,5,4.56,NORMAL
DABUR,Mar 2024,10,7.18,NORMAL
DIVISLAB,Mar 2016,3,22.23,NORMAL
DIVISLAB,Mar 2017,3,11.32,NORMAL
DIVISLAB,Mar 2018,3,1.03,NORMAL
DIVISLAB,Mar 2018,5,7.49,NORMAL
DIVISLAB,Mar 2019,3,6.69,NORMAL
DIVISLAB,Mar 2019,5,11.95,NORMAL
DIVISLAB,Mar 2020,3,9.14,NORMAL
DIVISLAB,Mar 2020,5,10.2,NORMAL
DIVISLAB,Mar 2021,3,31.48,NORMAL
DIVISLAB,Mar 2021,5,12.3,NORMAL
DIVISLAB,Mar 2022,3,29.98,NORMAL
DIVISLAB,Mar 2022,5,22.87,NORMAL
DIVISLAB,Mar 2023,3,9.89,NORMAL
DIVISLAB,Mar 2023,5,15.9,NORMAL
DIVISLAB,Mar 2023,10,11.61,NORMAL
DIVISLAB,Mar 2024,3,-7.17,DECLINE
DIVISLAB,Mar 2024,5,3.3,NORMAL
DIVISLAB,Mar 2024,10,7.54,NORMAL
DLF,Mar 2016,3,-20.63,DECLINE
DLF,Mar 2017,3,,INSUFFICIENT_DATA
DLF,Mar 2018,3,102.74,NORMAL
DLF,Mar 2018,5,44.27,NORMAL
DLF,Mar 2019,3,44.22,NORMAL
DLF,Mar 2019,5,8.45,NORMAL
DLF,Mar 2020,3,,DECLINE_TO_LOSS
DLF,Mar 2020,5,,DECLINE_TO_LOSS
DLF,Mar 2021,3,-45.71,DECLINE
DLF,Mar 2021,5,14.87,NORMAL
DLF,Mar 2022,3,,INSUFFICIENT_DATA
DLF,Mar 2022,5,8.45,NORMAL
DLF,Mar 2023,3,,TURNAROUND
DLF,Mar 2023,5,-20.38,DECLINE
DLF,Mar 2023,10,7.18,NORMAL
DLF,Mar 2024,3,40.1,NORMAL
DLF,Mar 2024,5,12.89,NORMAL
DLF,Mar 2024,10,10.65,NORMAL
DMART,Mar 2016,3,44.22,NORMAL
DMART,Mar 2017,3,38.67,NORMAL
DMART,Mar 2018,3,48.12,NORMAL
DMART,Mar 2018,5,45.41,NORMAL
DMART,Mar 2019,3,32.64,NORMAL
DMART,Mar 2019,5,36.08,NORMAL
DMART,Mar 2020,3,35.72,NORMAL
DMART,Mar 2020,5,37.97,NORMAL
DMART,Mar 2021,3,9.35,NORMAL
DMART,Mar 2021,5,23.16,NORMAL
DMART,Mar 2022,3,18.0,NORMAL
DMART,Mar 2022,5,23.52,NORMAL
DMART,Mar 2023,3,22.76,NORMAL
DMART,Mar 2023,5,23.27,NORMAL
DMART,Mar 2023,10,33.88,NORMAL
DMART,Mar 2024,3,31.89,NORMAL
DMART,Mar 2024,5,22.74,NORMAL
DMART,Mar 2024,10,29.24,NORMAL
DRREDDY,Mar 2016,3,11.57,NORMAL
DRREDDY,Mar 2017,3,-11.39,DECLINE
DRREDDY,Mar 2018,3,-25.87,DECLINE
DRREDDY,Mar 2018,5,-9.38,DECLINE
DRREDDY,Mar 2019,3,-2.74,DECLINE
DRREDDY,Mar 2019,5,,INSUFFICIENT_DATA
DRREDDY,Mar 2020,3,14.47,NORMAL
DRREDDY,Mar 2020,5,-2.33,DECLINE
DRREDDY,Mar 2021,3,27.87,NORMAL
DRREDDY,Mar 2021,5,-1.65,DECLINE
DRREDDY,Mar 2022,3,4.17,NORMAL
DRREDDY,Mar 2022,5,10.2,NORMAL
DRREDDY,Mar 2023,3,31.04,NORMAL
DRREDDY,Mar 2023,5,37.47,NORMAL
DRREDDY,Mar 2023,10,11.61,NORMAL
DRREDDY,Mar 2024,3,42.82,NORMAL
DRREDDY,Mar 2024,5,23.84,NORMAL
DRREDDY,Mar 2024,10,11.28,NORMAL
EICHERMOT,Mar 2016,3,48.38,NORMAL
EICHERMOT,Mar 2017,3,38.42,NORMAL
EICHERMOT,Mar 2017,5,38.43,NORMAL
EICHERMOT,Mar 2018,5,36.85,NORMAL
EICHERMOT,Mar 2019,3,18.24,NORMAL
EICHERMOT,Mar 2019,5,28.63,NORMAL
EICHERMOT,Mar 2020,3,3.18,NORMAL
EICHERMOT,Mar 2021,3,-12.04,DECLINE
EICHERMOT,Mar 2021,5,,INSUFFICIENT_DATA
EICHERMOT,Mar 2022,3,-9.02,DECLINE
EICHERMOT,Mar 2022,5,,INSUFFICIENT_DATA
EICHERMOT,Mar 2022,10,17.66,NORMAL
EICHERMOT,Mar 2023,3,16.89,NORMAL
EICHERMOT,Mar 2023,5,8.25,NORMAL
EICHERMOT,Mar 2023,10,21.71,NORMAL
EICHERMOT,Mar 2024,3,43.9,NORMAL
EICHERMOT,Mar 2024,5,12.51,NORMAL
EICHERMOT,Mar 2024,10,20.3,NORMAL
GAIL,Mar 2016,3,-20.63,DECLINE
GAIL,Mar 2017,3,-10.61,DECLINE
GAIL,Mar 2018,3,11.87,NORMAL
GAIL,Mar 2018,5,3.13,NORMAL
GAIL,Mar 2019,3,49.38,NORMAL
GAIL,Mar 2019,5,7.39,NORMAL
GAIL,Mar 2020,3,40.95,NORMAL
GAIL,Mar 2020,5,22.87,NORMAL
GAIL,Mar 2021,3,8.74,NORMAL
GAIL,Mar 2021,5,24.57,NORMAL
GAIL,Mar 2022,3,21.64,NORMAL
GAIL,Mar 2022,5,29.2,NORMAL
GAIL,Mar 2023,3,-13.69,DECLINE
GAIL,Mar 2023,5,5.15,NORMAL
GAIL,Mar 2023,10,4.14,NORMAL
GAIL,Mar 2024,3,18.56,NORMAL
GAIL,Mar 2024,5,8.45,NORMAL
GAIL,Mar 2024,10,7.92,NORMAL
GODREJCP,Mar 2016,3,,INSUFFICIENT_DATA
GODREJCP,Mar 2017,3,22.92,NORMAL
GODREJCP,Mar 2018,3,21.14,NORMAL
GODREJCP,Mar 2018,5,14.87,NORMAL
GODREJCP,Mar 2019,3,42.19,NORMAL
GODREJCP,Mar 2019,5,26.86,NORMAL
GODREJCP,Mar 2020,3,4.89,NORMAL
GODREJCP,Mar 2020,5,10.76,NORMAL
GODREJCP,Mar 2021,3,2.04,NORMAL
GODREJCP,Mar 2021,5,16.27,NORMAL
GODREJCP,Mar 2022,3,-9.59,DECLINE
GODREJCP,Mar 2022,5,5.51,NORMAL
GODREJCP,Mar 2023,3,4.26,NORMAL
GODREJCP,Mar 2023,5,1.22,NORMAL
GODREJCP,Mar 2023,10,7.83,NORMAL
GODREJCP,Mar 2024,3,,DECLINE_TO_LOSS
GODREJCP,Mar 2024,5,,DECLINE_TO_LOSS
GODREJCP,Mar 2024,10,,DECLINE_TO_LOSS
GRASIM,Mar 2016,3,-3.64,DECLINE
GRASIM,Mar 2017,3,14.47,NORMAL
GRASIM,Mar 2018,3,1.77,NORMAL
GRASIM,Mar 2018,5,-7.31,DECLINE
GRASIM,Mar 2019,3,-21.15,DECLINE
GRASIM,Mar 2019,5,-10.69,DECLINE
GRASIM,Mar 2020,3,-0.51,DECLINE
GRASIM,Mar 2020,5,11.93,NORMAL
GRASIM,Mar 2021,3,17.33,NORMAL
GRASIM,Mar 2021,5,4.32,NORMAL
GRASIM,Mar 2022,3,64.36,NORMAL
GRASIM,Mar 2022,5,10.96,NORMAL
GRASIM,Mar 2023,3,15.44,NORMAL
GRASIM,Mar 2023,5,20.72,NORMAL
GRASIM,Mar 2023,10,5.78,NORMAL
GRASIM,Mar 2024,3,10.5,NORMAL
GRASIM,Mar 2024,5,27.73,NORMAL
GRASIM,Mar 2024,10,6.81,NORMAL
HAL,Mar 2016,3,-39.11,DECLINE
HAL,Mar 2017,3,8.74,NORMAL
HAL,Mar 2018,3,6.27,NORMAL
HAL,Mar 2018,5,-24.71,DECLINE
HAL,Mar 2019,3,7.72,NORMAL
HAL,Mar 2019,5,4.56,NORMAL
HAL,Mar 2020,3,5.27,NORMAL
HAL,Mar 2020,5,10.93,NORMAL
HAL,Mar 2021,3,16.96,NORMAL
HAL,Mar 2021,5,11.38,NORMAL
HAL,Mar 2022,3,29.49,NORMAL
HAL,Mar 2022,5,16.12,NORMAL
HAL,Mar 2023,3,27.47,NORMAL
HAL,Mar 2023,5,23.73,NORMAL
HAL,Mar 2023,10,-3.48,DECLINE
HAL,Mar 2024,3,33.42,NORMAL
HAL,Mar 2024,5,26.64,NORMAL
HAL,Mar 2024,10,15.07,NORMAL
HAVELLS,Mar 2016,3,32.64,NORMAL
HAVELLS,Mar 2017,3,4.55,NORMAL
HAVELLS,Mar 2018,3,22.39,NORMAL
HAVELLS,Mar 2018,5,4.1,NORMAL
HAVELLS,Mar 2019,3,-14.77,DECLINE
HAVELLS,Mar 2019,5,13.18,NORMAL
HAVELLS,Mar 2020,3,14.47,NORMAL
HAVELLS,Mar 2020,5,14.87,NORMAL
HAVELLS,Mar 2021,3,15.62,NORMAL
HAVELLS,Mar 2021,5,-4.14,DECLINE
HAVELLS,Mar 2022,3,13.48,NORMAL
HAVELLS,Mar 2022,5,18.89,NORMAL
HAVELLS,Mar 2023,3,12.31,NORMAL
HAVELLS,Mar 2023,5,9.1,NORMAL
HAVELLS,Mar 2023,10,6.57,NORMAL
HAVELLS,Mar 2024,3,5.57,NORMAL
HAVELLS,Mar 2024,5,9.0,NORMAL
HAVELLS,Mar 2024,10,11.07,NORMAL
HCLTECH,Mar 2016 9m,3,12.62,NORMAL
HCLTECH,Mar 2017,3,9.26,NORMAL
HCLTECH,Mar 2018,3,6.04,NORMAL
HCLTECH,Mar 2018,5,17.23,NORMAL
HCLTECH,Mar 2019,3,22.76,NORMAL
HCLTECH,Mar 2019,5,9.98,NORMAL
HCLTECH,Mar 2020,3,10.97,NORMAL
HCLTECH,Mar 2020,5,9.54,NORMAL
HCLTECH,Mar 2021,3,9.77,NORMAL
HCLTECH,Mar 2021,5,15.44,NORMAL
HCLTECH,Mar 2022,3,10.56,NORMAL
HCLTECH,Mar 2022,5,10.76,NORMAL
HCLTECH,Mar 2023,3,10.29,NORMAL
HCLTECH,Mar 2023,5,12.15,NORMAL
HCLTECH,Mar 2023,10,14.66,NORMAL
HCLTECH,Mar 2024,3,12.26,NORMAL
HCLTECH,Mar 2024,5,9.41,NORMAL
HCLTECH,Mar 2024,10,9.69,NORMAL
HDFCBANK,Mar 2016,3,21.32,NORMAL
HDFCBANK,Mar 2017,3,18.56,NORMAL
HDFCBANK,Mar 2018,3,19.68,NORMAL
HDFCBANK,Mar 2018,5,20.79,NORMAL
HDFCBANK,Mar 2019,3,17.93,NORMAL
HDFCBANK,Mar 2019,5,17.9,NORMAL
HDFCBANK,Mar 2020,3,18.56,NORMAL
HDFCBANK,Mar 2020,5,18.95,NORMAL
HDFCBANK,Mar 2021,3,17.23,NORMAL
HDFCBANK,Mar 2021,5,18.33,NORMAL
HDFCBANK,Mar 2022,3,18.95,NORMAL
HDFCBANK,Mar 2022,5,18.13,NORMAL
HDFCBANK,Mar 2023,3,17.93,NORMAL
HDFCBANK,Mar 2023,5,17.9,NORMAL
HDFCBANK,Mar 2023,10,19.34,NORMAL
HDFCBANK,Mar 2024,3,13.14,NORMAL
HDFCBANK,Mar 2024,5,15.42,NORMAL
HDFCBANK,Mar 2024,10,16.65,NORMAL
HDFCLIFE,Mar 2016,3,25.99,NORMAL
HDFCLIFE,Mar 2017,3,,INSUFFICIENT_DATA
HDFCLIFE,Mar 2018,3,14.47,NORMAL
HDFCLIFE,Mar 2018,5,24.57,NORMAL
HDFCLIFE,Mar 2019,3,14.47,NORMAL
HDFCLIFE,Mar 2019,5,8.45,NORMAL
HDFCLIFE,Mar 2020,3,14.47,NORMAL
HDFCLIFE,Mar 2020,5,8.45,NORMAL
HDFCLIFE,Mar 2021,3,5.27,NORMAL
HDFCLIFE,Mar 2021,5,11.84,NORMAL
HDFCLIFE,Mar 2022,3,,INSUFFICIENT_DATA
HDFCLIFE,Mar 2022,5,8.45,NORMAL
HDFCLIFE,Mar 2023,3,,INSUFFICIENT_DATA
HDFCLIFE,Mar 2023,5,,INSUFFICIENT_DATA
HDFCLIFE,Mar 2023,10,11.61,NORMAL
HDFCLIFE,Mar 2024,3,,INSUFFICIENT_DATA
HDFCLIFE,Mar 2024,5,3.13,NORMAL
HDFCLIFE,Mar 2024,10,5.76,NORMAL
HEROMOTOCO,Mar 2017,3,19.46,NORMAL
HEROMOTOCO,Mar 2018,3,16.38,NORMAL
HEROMOTOCO,Mar 2019,3,3.09,NORMAL
HEROMOTOCO,Mar 2019,5,10.37,NORMAL
HEROMOTOCO,Mar 2020,3,0.56,NORMAL
HEROMOTOCO,Mar 2020,5,9.05,NORMAL
HEROMOTOCO,Mar 2021,3,-7.75,DECLINE
HEROMOTOCO,Mar 2021,5,-1.44,DECLINE
HEROMOTOCO,Mar 2022,3,-12.3,DECLINE
HEROMOTOCO,Mar 2022,5,-8.31,DECLINE
HEROMOTOCO,Mar 2023,3,-8.16,DECLINE
HEROMOTOCO,Mar 2023,5,-5.39,DECLINE
HEROMOTOCO,Mar 2024,3,8.6,NORMAL
HEROMOTOCO,Mar 2024,5,1.69,NORMAL
HEROMOTOCO,Mar 2024,10,5.94,NORMAL
HINDALCO,Mar 2016,3,,DECLINE_TO_LOSS
HINDALCO,Mar 2017,3,-10.07,DECLINE
HINDALCO,Mar 2018,3,88.99,NORMAL
HINDALCO,Mar 2018,5,11.03,NORMAL
HINDALCO,Mar 2019,3,,TURNAROUND
HINDALCO,Mar 2019,5,16.89,NORMAL
HINDALCO,Mar 2020,3,28.56,NORMAL
HINDALCO,Mar 2020,5,33.56,NORMAL
HINDALCO,Mar 2021,3,-16.01,DECLINE
HINDALCO,Mar 2021,5,,TURNAROUND
HINDALCO,Mar 2022,3,36.47,NORMAL
HINDALCO,Mar 2022,5,50.12,NORMAL
HINDALCO,Mar 2023,3,38.33,NORMAL
HINDALCO,Mar 2023,5,10.76,NORMAL
HINDALCO,Mar 2023,10,10.89,NORMAL
HINDALCO,Mar 2024,3,41.16,NORMAL
HINDALCO,Mar 2024,5,13.4,NORMAL
HINDALCO,Mar 2024,10,15.13,NORMAL
HINDUNILVR,Mar 2016,3,1.82,NORMAL
HINDUNILVR,Mar 2017,3,5.27,NORMAL
HINDUNILVR,Mar 2018,3,6.27,NORMAL
HINDUNILVR,Mar 2018,5,5.92,NORMAL
HINDUNILVR,Mar 2019,3,13.8,NORMAL
HINDUNILVR,Mar 2019,5,9.24,NORMAL
HINDUNILVR,Mar 2020,3,13.86,NORMAL
HINDUNILVR,Mar 2020,5,9.16,NORMAL
HINDUNILVR,Mar 2021,3,12.31,NORMAL
HINDUNILVR,Mar 2021,5,12.34,NORMAL
HINDUNILVR,Mar 2022,3,10.72,NORMAL
HINDUNILVR,Mar 2022,5,12.59,NORMAL
HINDUNILVR,Mar 2023,3,11.52,NORMAL
HINDUNILVR,Mar 2023,5,12.37,NORMAL
HINDUNILVR,Mar 2023,10,9.1,NORMAL
HINDUNILVR,Mar 2024,3,8.97,NORMAL
HINDUNILVR,Mar 2024,5,9.46,NORMAL
HINDUNILVR,Mar 2024,10,9.35,NORMAL
ICICIBANK,Mar 2016,3,2.17,NORMAL
ICICIBANK,Mar 2017,3,-2.0,DECLINE
ICICIBANK,Mar 2018,3,-14.2,DECLINE
ICICIBANK,Mar 2018,5,-4.36,DECLINE
ICICIBANK,Mar 2019,3,-24.09,DECLINE
ICICIBANK,Mar 2019,5,-16.26,DECLINE
ICICIBANK,Mar 2020,3,-2.13,DECLINE
ICICIBANK,Mar 2020,5,-4.62,DECLINE
ICICIBANK,Mar 2021,3,31.04,NORMAL
ICICIBANK,Mar 2021,5,11.03,NORMAL
ICICIBANK,Mar 2022,3,72.61,NORMAL
ICICIBANK,Mar 2022,5,17.61,NORMAL
ICICIBANK,Mar 2023,3,48.38,NORMAL
ICICIBANK,Mar 2023,5,32.5,NORMAL
ICICIBANK,Mar 2023,10,12.57,NORMAL
ICICIBANK,Mar 2024,3,32.64,NORMAL
ICICIBANK,Mar 2024,5,55.18,NORMAL
ICICIBANK,Mar 2024,10,14.0,NORMAL
ICICIGI,Mar 2016,3,11.2,NORMAL
ICICIGI,Mar 2017,3,10.06,NORMAL
ICICIGI,Mar 2018,3,13.48,NORMAL
ICICIGI,Mar 2018,5,18.89,NORMAL
ICICIGI,Mar 2019,3,27.87,NORMAL
ICICIGI,Mar 2019,5,13.9,NORMAL
ICICIGI,Mar 2020,3,17.57,NORMAL
ICICIGI,Mar 2020,5,14.87,NORMAL
ICICIGI,Mar 2021,3,18.98,NORMAL
ICICIGI,Mar 2021,5,23.81,NORMAL
ICICIGI,Mar 2022,3,4.17,NORMAL
ICICIGI,Mar 2022,5,10.2,NORMAL
ICICIGI,Mar 2023,3,10.42,NORMAL
ICICIGI,Mar 2023,5,13.0,NORMAL
ICICIGI,Mar 2023,10,15.9,NORMAL
ICICIGI,Mar 2024,3,6.82,NORMAL
ICICIGI,Mar 2024,5,11.14,NORMAL
ICICIGI,Mar 2024,10,12.51,NORMAL
ICICIPRULI,Mar 2016,3,2.94,NORMAL
ICICIPRULI,Mar 2017,3,2.94,NORMAL
ICICIPRULI,Mar 2018,3,,INSUFFICIENT_DATA
ICICIPRULI,Mar 2018,5,,INSUFFICIENT_DATA
ICICIPRULI,Mar 2019,3,-12.64,DECLINE
ICICIPRULI,Mar 2019,5,-6.17,DECLINE
ICICIPRULI,Mar 2020,3,-16.45,DECLINE
ICICIPRULI,Mar 2020,5,-8.64,DECLINE
ICICIPRULI,Mar 2021,3,-13.99,DECLINE
ICICIPRULI,Mar 2021,5,-10.22,DECLINE
ICICIPRULI,Mar 2022,3,-14.5,DECLINE
ICICIPRULI,Mar 2022,5,-16.06,DECLINE
ICICIPRULI,Mar 2023,3,-5.01,DECLINE
ICICIPRULI,Mar 2023,5,-11.42,DECLINE
ICICIPRULI,Mar 2023,10,-5.88,DECLINE
ICICIPRULI,Mar 2024,3,-5.01,DECLINE
ICICIPRULI,Mar 2024,5,-5.59,DECLINE
ICICIPRULI,Mar 2024,10,-5.88,DECLINE
INDIGO,Mar 2016,3,-87.1,DECLINE
INDIGO,Mar 2017,3,-85.62,DECLINE
INDIGO,Mar 2018,3,-88.91,DECLINE
INDIGO,Mar 2018,5,-70.43,DECLINE
INDIGO,Mar 2019,3,-58.26,DECLINE
INDIGO,Mar 2019,5,-80.83,DECLINE
INDIGO,Mar 2020,3,,DECLINE_TO_LOSS
INDIGO,Mar 2020,5,,DECLINE_TO_LOSS
INDIGO,Mar 2021,3,,DECLINE_TO_LOSS
INDIGO,Mar 2021,5,,DECLINE_TO_LOSS
INDIGO,Mar 2022,3,,DECLINE_TO_LOSS
INDIGO,Mar 2022,5,,DECLINE_TO_LOSS
INDIGO,Mar 2023,3,,BOTH_NEGATIVE
INDIGO,Mar 2023,5,,DECLINE_TO_LOSS
INDIGO,Mar 2023,10,,DECLINE_TO_LOSS
INDIGO,Mar 2024,3,,TURNAROUND
INDIGO,Mar 2024,5,121.24,NORMAL
INDIGO,Mar 2024,10,-34.88,DECLINE
INDUSINDBK,Mar 2016,3,23.86,NORMAL
INDUSINDBK,Mar 2017,3,21.14,NORMAL
INDUSINDBK,Mar 2018,3,20.84,NORMAL
INDUSINDBK,Mar 2018,5,24.57,NORMAL
INDUSINDBK,Mar 2019,3,13.12,NORMAL
INDUSINDBK,Mar 2019,5,15.29,NORMAL
INDUSINDBK,Mar 2020,3,10.06,NORMAL
INDUSINDBK,Mar 2020,5,13.49,NORMAL
INDUSINDBK,Mar 2021,3,-14.88,DECLINE
INDUSINDBK,Mar 2021,5,-0.53,DECLINE
INDUSINDBK,Mar 2022,3,2.94,NORMAL
INDUSINDBK,Mar 2022,5,4.56,NORMAL
INDUSINDBK,Mar 2023,3,14.07,NORMAL
INDUSINDBK,Mar 2023,5,9.63,NORMAL
INDUSINDBK,Mar 2023,10,16.86,NORMAL
INDUSINDBK,Mar 2024,3,45.94,NORMAL
INDUSINDBK,Mar 2024,5,15.9,NORMAL
INDUSINDBK,Mar 2024,10,15.59,NORMAL
INFY,Mar 2016,3,11.36,NORMAL
INFY,Mar 2017,3,10.46,NORMAL
INFY,Mar 2018,3,11.07,NORMAL
INFY,Mar 2018,5,11.99,NORMAL
INFY,Mar 2019,3,6.47,NORMAL
INFY,Mar 2019,5,8.76,NORMAL
INFY,Mar 2020,3,7.95,NORMAL
INFY,Mar 2020,5,7.63,NORMAL
INFY,Mar 2021,3,6.74,NORMAL
INFY,Mar 2021,5,9.18,NORMAL
INFY,Mar 2022,3,14.83,NORMAL
INFY,Mar 2022,5,11.32,NORMAL
INFY,Mar 2023,3,14.14,NORMAL
INFY,Mar 2023,5,9.41,NORMAL
INFY,Mar 2023,10,10.69,NORMAL
INFY,Mar 2024,3,11.87,NORMAL
INFY,Mar 2024,5,12.47,NORMAL
INFY,Mar 2024,10,10.6,NORMAL
IOC,Mar 2016,3,38.67,NORMAL
IOC,Mar 2017,3,40.95,NORMAL
IOC,Mar 2018,3,71.0,NORMAL
IOC,Mar 2018,5,37.97,NORMAL
IOC,Mar 2019,3,14.47,NORMAL
IOC,Mar 2019,5,19.14,NORMAL
IOC,Mar 2020,3,,DECLINE_TO_LOSS
IOC,Mar 2020,5,,DECLINE_TO_LOSS
IOC,Mar 2021,3,,INSUFFICIENT_DATA
IOC,Mar 2021,5,13.4,NORMAL
IOC,Mar 2022,3,14.47,NORMAL
IOC,Mar 2022,5,5.15,NORMAL
IOC,Mar 2023,3,,TURNAROUND
IOC,Mar 2023,5,-14.14,DECLINE
IOC,Mar 2023,10,8.84,NORMAL
IOC,Mar 2024,3,25.99,NORMAL
IOC,Mar 2024,5,20.11,NORMAL
IOC,Mar 2024,10,19.62,NORMAL
IRCTC,Mar 2018,3,-5.42,DECLINE
IRCTC,Mar 2019,3,-40.51,DECLINE
IRCTC,Mar 2020,3,-18.29,DECLINE
IRCTC,Mar 2020,5,-14.33,DECLINE
IRCTC,Mar 2021,3,-43.35,DECLINE
IRCTC,Mar 2021,5,-36.25,DECLINE
IRCTC,Mar 2022,3,25.99,NORMAL
IRCTC,Mar 2022,5,-6.17,DECLINE
IRCTC,Mar 2023,3,29.4,NORMAL
IRCTC,Mar 2023,5,3.4,NORMAL
IRCTC,Mar 2024,3,91.29,NORMAL
IRCTC,Mar 2024,5,28.47,NORMAL
IRFC,Mar 2016,3,-5.39,DECLINE
IRFC,Mar 2017,3,-11.88,DECLINE
IRFC,Mar 2018,3,-75.81,DECLINE
IRFC,Mar 2018,5,-57.72,DECLINE
IRFC,Mar 2019,3,-78.01,DECLINE
IRFC,Mar 2019,5,-60.54,DECLINE
IRFC,Mar 2020,3,-72.42,DECLINE
IRFC,Mar 2020,5,-57.33,DECLINE
IRFC,Mar 2021,3,,INSUFFICIENT_DATA
IRFC,Mar 2021,5,-56.29,DECLINE
IRFC,Mar 2022,3,35.72,NORMAL
IRFC,Mar 2022,5,-48.86,DECLINE
IRFC,Mar 2023,3,18.56,NORMAL
IRFC,Mar 2023,5,10.76,NORMAL
IRFC,Mar 2023,10,-31.57,DECLINE
IRFC,Mar 2024,3,18.56,NORMAL
IRFC,Mar 2024,5,20.11,NORMAL
IRFC,Mar 2024,10,-31.15,DECLINE
ITC,Mar 2016,3,10.06,NORMAL
ITC,Mar 2017,3,4.55,NORMAL
ITC,Mar 2018,3,4.0,NORMAL
ITC,Mar 2018,5,8.45,NORMAL
ITC,Mar 2019,3,7.72,NORMAL
ITC,Mar 2019,5,7.39,NORMAL
ITC,Mar 2020,3,14.47,NORMAL
ITC,Mar 2020,5,8.45,NORMAL
ITC,Mar 2021,3,6.92,NORMAL
ITC,Mar 2021,5,6.58,NORMAL
ITC,Mar 2022,3,6.27,NORMAL
ITC,Mar 2022,5,8.45,NORMAL
ITC,Mar 2023,3,7.72,NORMAL
ITC,Mar 2023,5,10.76,NORMAL
ITC,Mar 2023,10,9.6,NORMAL
ITC,Mar 2024,3,13.3,NORMAL
ITC,Mar 2024,5,9.86,NORMAL
ITC,Mar 2024,10,8.62,NORMAL
JINDALSTEL,Mar 2016,3,,DECLINE_TO_LOSS
JINDALSTEL,Mar 2017,3,,DECLINE_TO_LOSS
JINDALSTEL,Mar 2018,3,,BOTH_NEGATIVE
JINDALSTEL,Mar 2018,5,,DECLINE_TO_LOSS
JINDALSTEL,Mar 2019,3,,BOTH_NEGATIVE
JINDALSTEL,Mar 2019,5,,DECLINE_TO_LOSS
JINDALSTEL,Mar 2020,3,,BOTH_NEGATIVE
JINDALSTEL,Mar 2020,5,,BOTH_NEGATIVE
JINDALSTEL,Mar 2021,3,,TURNAROUND
JINDALSTEL,Mar 2021,5,,TURNAROUND
JINDALSTEL,Mar 2022,3,,TURNAROUND
JINDALSTEL,Mar 2022,5,,TURNAROUND
JINDALSTEL,Mar 2023,3,,TURNAROUND
JINDALSTEL,Mar 2023,5,,TURNAROUND
JINDALSTEL,Mar 2023,10,,INSUFFICIENT_DATA
JINDALSTEL,Mar 2024,3,17.23,NORMAL
JINDALSTEL,Mar 2024,5,,TURNAROUND
JINDALSTEL,Mar 2024,10,10.69,NORMAL
JSWENERGY,Mar 2016,3,14.47,NORMAL
JSWENERGY,Mar 2017,3,-7.17,DECLINE
JSWENERGY,Mar 2018,3,,ZERO_BASE
JSWENERGY,Mar 2018,5,,ZERO_BASE
JSWENERGY,Mar 2019,3,-23.69,DECLINE
JSWENERGY,Mar 2019,5,-4.36,DECLINE
JSWENERGY,Mar 2020,3,20.51,NORMAL
JSWENERGY,Mar 2020,5,-2.64,DECLINE
JSWENERGY,Mar 2021,3,,ZERO_BASE
JSWENERGY,Mar 2021,5,-11.09,DECLINE
JSWENERGY,Mar 2022,3,40.1,NORMAL
JSWENERGY,Mar 2022,5,22.42,NORMAL
JSWENERGY,Mar 2023,3,8.74,NORMAL
JSWENERGY,Mar 2023,5,,ZERO_BASE
JSWENERGY,Mar 2023,10,4.14,NORMAL
JSWENERGY,Mar 2024,3,25.99,NORMAL
JSWENERGY,Mar 2024,5,20.11,NORMAL
JSWENERGY,Mar 2024,10,7.18,NORMAL
JSWSTEEL,Mar 2016,3,,DECLINE_TO_LOSS
JSWSTEEL,Mar 2017,3,95.74,NORMAL
JSWSTEEL,Mar 2018,3,54.87,NORMAL
JSWSTEEL,Mar 2018,5,45.41,NORMAL
JSWSTEEL,Mar 2019,3,,TURNAROUND
JSWSTEEL,Mar 2019,5,74.11,NORMAL
JSWSTEEL,Mar 2020,3,4.26,NORMAL
JSWSTEEL,Mar 2020,5,19.42,NORMAL
JSWSTEEL,Mar 2021,3,8.27,NORMAL
JSWSTEEL,Mar 2021,5,,TURNAROUND
JSWSTEEL,Mar 2022,3,38.49,NORMAL
JSWSTEEL,Mar 2022,5,41.47,NORMAL
JSWSTEEL,Mar 2023,3,,INSUFFICIENT_DATA
JSWSTEEL,Mar 2023,5,-8.15,DECLINE
JSWSTEEL,Mar 2023,10,15.57,NORMAL
JSWSTEEL,Mar 2024,3,2.94,NORMAL
JSWSTEEL,Mar 2024,5,2.38,NORMAL
JSWSTEEL,Mar 2024,10,33.51,NORMAL
KOTAKBANK,Mar 2016,3,8.2,NORMAL
KOTAKBANK,Mar 2017,3,19.06,NORMAL
KOTAKBANK,Mar 2018,3,18.17,NORMAL
KOTAKBANK,Mar 2018,5,17.08,NORMAL
KOTAKBANK,Mar 2019,3,25.99,NORMAL
KOTAKBANK,Mar 2019,5,18.89,NORMAL
KOTAKBANK,Mar 2020,3,18.56,NORMAL
KOTAKBANK,Mar 2020,5,17.61,NORMAL
KOTAKBANK,Mar 2021,3,14.86,NORMAL
KOTAKBANK,Mar 2021,5,21.35,NORMAL
KOTAKBANK,Mar 2022,3,17.09,NORMAL
KOTAKBANK,Mar 2022,5,17.7,NORMAL
KOTAKBANK,Mar 2023,3,18.56,NORMAL
KOTAKBANK,Mar 2023,5,17.84,NORMAL
KOTAKBANK,Mar 2023,10,17.46,NORMAL
KOTAKBANK,Mar 2024,3,22.54,NORMAL
KOTAKBANK,Mar 2024,5,19.34,NORMAL
KOTAKBANK,Mar 2024,10,19.12,NORMAL
LICI,Mar 2022,3,,INSUFFICIENT_DATA
LICI,Mar 2023,3,,INSUFFICIENT_DATA
LICI,Mar 2024,3,111.26,NORMAL
LICI,Mar 2024,5,,INSUFFICIENT_DATA
LODHA,Mar 2015,3,25.99,NORMAL
LODHA,Mar 2016,5,21.67,NORMAL
LODHA,Mar 2017,5,7.63,NORMAL
LODHA,Mar 2018,3,-17.79,DECLINE
LODHA,Mar 2019,3,9.49,NORMAL
LODHA,Mar 2020,3,-11.54,DECLINE
LODHA,Mar 2020,5,-12.94,DECLINE
LODHA,Mar 2021,3,-53.58,DECLINE
LODHA,Mar 2021,5,-42.57,DECLINE
LODHA,Mar 2021,10,-16.4,DECLINE
LODHA,Mar 2022,3,-17.02,DECLINE
LODHA,Mar 2022,5,-1.59,DECLINE
LODHA,Mar 2022,10,2.92,NORMAL
LODHA,Mar 2023,3,-17.79,DECLINE
LODHA,Mar 2023,5,-12.94,DECLINE
LODHA,Mar 2024,3,151.98,NORMAL
LODHA,Mar 2024,5,-5.29,DECLINE
LT,Mar 2016,3,-6.56,DECLINE
LT,Mar 2017,3,7.1,NORMAL
LT,Mar 2018,3,15.95,NORMAL
LT,Mar 2018,5,6.88,NORMAL
LT,Mar 2019,3,26.67,NORMAL
LT,Mar 2019,5,12.47,NORMAL
LT,Mar 2020,3,16.51,NORMAL
LT,Mar 2020,5,14.87,NORMAL
LT,Mar 2021,3,15.66,NORMAL
LT,Mar 2021,5,21.48,NORMAL
LT,Mar 2022,3,-0.53,DECLINE
LT,Mar 2022,5,7.59,NORMAL
LT,Mar 2023,3,3.32,NORMAL
LT,Mar 2023,5,7.19,NORMAL
LT,Mar 2023,10,7.04,NORMAL
LT,Mar 2024,3,5.03,NORMAL
LT,Mar 2024,5,8.56,NORMAL
LT,Mar 2024,10,10.5,NORMAL
LTIM,Mar 2016,3,-34.45,DECLINE
LTIM,Mar 2017,3,-43.07,DECLINE
LTIM,Mar 2018,3,-35.12,DECLINE
LTIM,Mar 2018,5,-17.88,DECLINE
LTIM,Mar 2019,3,21.09,NORMAL
LTIM,Mar 2019,5,-22.39,DECLINE
LTIM,Mar 2020,3,15.14,NORMAL
LTIM,Mar 2020,5,-18.23,DECLINE
LTIM,Mar 2021,3,19.53,NORMAL
LTIM,Mar 2021,5,17.77,NORMAL
LTIM,Mar 2022,3,37.26,NORMAL
LTIM,Mar 2022,5,31.6,NORMAL
LTIM,Mar 2023,3,19.64,NORMAL
LTIM,Mar 2023,5,18.05,NORMAL
LTIM,Mar 2023,10,-1.54,DECLINE
LTIM,Mar 2024,3,11.77,NORMAL
LTIM,Mar 2024,5,12.24,NORMAL
LTIM,Mar 2024,10,-6.67,DECLINE
M&M,Mar 2016,3,-8.84,DECLINE
M&M,Mar 2017,3,-7.58,DECLINE
M&M,Mar 2018,3,33.89,NORMAL
M&M,Mar 2018,5,12.7,NORMAL
M&M,Mar 2019,3,19.81,NORMAL
M&M,Mar 2019,5,2.5,NORMAL
M&M,Mar 2020,3,-67.82,DECLINE
M&M,Mar 2020,5,-47.47,DECLINE
M&M,Mar 2021,3,-37.0,DECLINE
M&M,Mar 2021,5,-9.71,DECLINE
M&M,Mar 2022,3,7.22,NORMAL
M&M,Mar 2022,5,12.05,NORMAL
M&M,Mar 2023,3,336.21,NORMAL
M&M,Mar 2023,5,6.71,NORMAL
M&M,Mar 2023,10,9.66,NORMAL
M&M,Mar 2024,3,82.38,NORMAL
M&M,Mar 2024,5,16.18,NORMAL
M&M,Mar 2024,10,9.13,NORMAL
MARUTI,Mar 2016,3,30.44,NORMAL
MARUTI,Mar 2017,3,38.36,NORMAL
MARUTI,Mar 2018,3,27.47,NORMAL
MARUTI,Mar 2018,5,26.06,NORMAL
MARUTI,Mar 2019,3,11.6,NORMAL
MARUTI,Mar 2019,5,21.9,NORMAL
MARUTI,Mar 2020,3,-8.94,DECLINE
MARUTI,Mar 2020,5,8.33,NORMAL
MARUTI,Mar 2021,3,-17.79,DECLINE
MARUTI,Mar 2021,5,-4.44,DECLINE
MARUTI,Mar 2022,3,-20.32,DECLINE
MARUTI,Mar 2022,5,-12.46,DECLINE
MARUTI,Mar 2023,3,13.38,NORMAL
MARUTI,Mar 2023,5,0.98,NORMAL
MARUTI,Mar 2023,10,12.82,NORMAL
MARUTI,Mar 2024,3,43.56,NORMAL
MARUTI,Mar 2024,5,11.14,NORMAL
MARUTI,Mar 2024,10,16.39,NORMAL
MOTHERSON,Mar 2016,3,44.22,NORMAL
MOTHERSON,Mar 2017,3,14.47,NORMAL
MOTHERSON,Mar 2018,3,14.47,NORMAL
MOTHERSON,Mar 2018,5,24.57,NORMAL
MOTHERSON,Mar 2019,3,,INSUFFICIENT_DATA
MOTHERSON,Mar 2019,5,8.45,NORMAL
MOTHERSON,Mar 2020,3,-12.64,DECLINE
MOTHERSON,Mar 2020,5,,INSUFFICIENT_DATA
MOTHERSON,Mar 2021,3,-12.64,DECLINE
MOTHERSON,Mar 2021,5,-7.79,DECLINE
MOTHERSON,Mar 2022,3,-30.66,DECLINE
MOTHERSON,Mar 2022,5,-19.73,DECLINE
MOTHERSON,Mar 2023,3,,INSUFFICIENT_DATA
MOTHERSON,Mar 2023,5,-7.79,DECLINE
MOTHERSON,Mar 2023,10,7.18,NORMAL
MOTHERSON,Mar 2024,3,25.99,NORMAL
MOTHERSON,Mar 2024,5,5.92,NORMAL
MOTHERSON,Mar 2024,10,7.18,NORMAL
NAUKRI,Mar 2016,3,11.2,NORMAL
NAUKRI,Mar 2017,3,,DECLINE_TO_LOSS
NAUKRI,Mar 2018,3,175.89,NORMAL
NAUKRI,Mar 2018,5,39.33,NORMAL
NAUKRI,Mar 2019,3,64.54,NORMAL
NAUKRI,Mar 2019,5,43.69,NORMAL
NAUKRI,Mar 2020,3,,BOTH_NEGATIVE
NAUKRI,Mar 2020,5,,DECLINE_TO_LOSS
NAUKRI,Mar 2021,3,37.84,NORMAL
NAUKRI,Mar 2021,5,58.49,NORMAL
NAUKRI,Mar 2022,3,172.45,NORMAL
NAUKRI,Mar 2022,5,,TURNAROUND
NAUKRI,Mar 2023,3,,BOTH_NEGATIVE
NAUKRI,Mar 2023,5,,DECLINE_TO_LOSS
NAUKRI,Mar 2023,10,,DECLINE_TO_LOSS
NAUKRI,Mar 2024,3,-26.32,DECLINE
NAUKRI,Mar 2024,5,-2.13,DECLINE
NAUKRI,Mar 2024,10,18.59,NORMAL
NESTLEIND,Dec 2016,3,-5.9,DECLINE
NESTLEIND,Dec 2017,3,2.7,NORMAL
NESTLEIND,Dec 2018,3,41.5,NORMAL
NESTLEIND,Dec 2018,5,7.21,NORMAL
NESTLEIND,Dec 2019,3,25.99,NORMAL
NESTLEIND,Dec 2019,5,10.76,NORMAL
NESTLEIND,Dec 2020,3,19.17,NORMAL
NESTLEIND,Dec 2020,5,29.67,NORMAL
NESTLEIND,Dec 2021,3,8.97,NORMAL
NESTLEIND,Dec 2021,5,17.08,NORMAL
NESTLEIND,Dec 2022,3,7.72,NORMAL
NESTLEIND,Dec 2022,5,13.97,NORMAL
NESTLEIND,Dec 2023,3,12.11,NORMAL
NESTLEIND,Dec 2023,5,12.77,NORMAL
NESTLEIND,Dec 2023,10,9.96,NORMAL
NESTLEIND,Mar 2024,3,23.06,NORMAL
NESTLEIND,Mar 2024,5,15.44,NORMAL
NESTLEIND,Mar 2024,10,13.07,NORMAL
NHPC,Mar 2016,3,,INSUFFICIENT_DATA
NHPC,Mar 2017,3,44.22,NORMAL
NHPC,Mar 2018,3,,INSUFFICIENT_DATA
NHPC,Mar 2018,5,,INSUFFICIENT_DATA
NHPC,Mar 2019,3,14.47,NORMAL
NHPC,Mar 2019,5,24.57,NORMAL
NHPC,Mar 2020,3,,INSUFFICIENT_DATA
NHPC,Mar 2020,5,8.45,NORMAL
NHPC,Mar 2021,3,14.47,NORMAL
NHPC,Mar 2021,5,8.45,NORMAL
NHPC,Mar 2022,3,10.06,NORMAL
NHPC,Mar 2022,5,5.92,NORMAL
NHPC,Mar 2023,3,10.06,NORMAL
NHPC,Mar 2023,5,14.87,NORMAL
NHPC,Mar 2023,10,7.18,NORMAL
NHPC,Mar 2024,3,10.06,NORMAL
NHPC,Mar 2024,5,5.92,NORMAL
NHPC,Mar 2024,10,14.87,NORMAL
NTPC,Mar 2016,3,-5.42,DECLINE
NTPC,Mar 2017,3,-2.86,DECLINE
NTPC,Mar 2018,3,3.23,NORMAL
NTPC,Mar 2018,5,-3.29,DECLINE
NTPC,Mar 2019,3,8.37,NORMAL
NTPC,Mar 2019,5,3.13,NORMAL
NTPC,Mar 2020,3,2.94,NORMAL
NTPC,Mar 2020,5,3.71,NORMAL
NTPC,Mar 2021,3,10.89,NORMAL
NTPC,Mar 2021,5,6.4,NORMAL
NTPC,Mar 2022,3,6.69,NORMAL
NTPC,Mar 2022,5,9.1,NORMAL
NTPC,Mar 2023,3,12.31,NORMAL
NTPC,Mar 2023,5,9.1,NORMAL
NTPC,Mar 2023,10,2.72,NORMAL
NTPC,Mar 2024,3,11.87,NORMAL
NTPC,Mar 2024,5,8.45,NORMAL
NTPC,Mar 2024,10,5.76,NORMAL
ONGC,Mar 2016,3,-19.26,DECLINE
ONGC,Mar 2017,3,-3.28,DECLINE
ONGC,Mar 2018,3,6.69,NORMAL
ONGC,Mar 2018,5,-2.2,DECLINE
ONGC,Mar 2019,3,33.89,NORMAL
ONGC,Mar 2019,5,2.71,NORMAL
ONGC,Mar 2020,3,-22.05,DECLINE
ONGC,Mar 2020,5,-8.46,DECLINE
ONGC,Mar 2021,3,-8.55,DECLINE
ONGC,Mar 2021,5,5.39,NORMAL
ONGC,Mar 2022,3,14.47,NORMAL
ONGC,Mar 2022,5,13.63,NORMAL
ONGC,Mar 2023,3,45.98,NORMAL
ONGC,Mar 2023,5,10.49,NORMAL
ONGC,Mar 2023,10,3.95,NORMAL
ONGC,Mar 2024,3,44.22,NORMAL
ONGC,Mar 2024,5,10.2,NORMAL
ONGC,Mar 2024,10,6.39,NORMAL
PFC,Mar 2016,3,13.48,NORMAL
PFC,Mar 2017,3,-25.6,DECLINE
PFC,Mar 2018,3,3.57,NORMAL
PFC,Mar 2018,5,9.0,NORMAL
PFC,Mar 2019,3,16.45,NORMAL
PFC,Mar 2019,5,12.03,NORMAL
PFC,Mar 2020,3,46.48,NORMAL
PFC,Mar 2020,5,4.1,NORMAL
PFC,Mar 2021,3,21.64,NORMAL
PFC,Mar 2021,5,13.63,NORMAL
PFC,Mar 2022,3,11.87,NORMAL
PFC,Mar 2022,5,43.1,NORMAL
PFC,Mar 2023,3,29.7,NORMAL
PFC,Mar 2023,5,19.14,NORMAL
PFC,Mar 2023,10,13.95,NORMAL
PFC,Mar 2024,3,18.56,NORMAL
PFC,Mar 2024,5,14.87,NORMAL
PFC,Mar 2024,10,13.44,NORMAL
PIDILITIND,Mar 2016,3,25.99,NORMAL
PIDILITIND,Mar 2017,3,23.61,NORMAL
PIDILITIND,Mar 2018,3,23.86,NORMAL
PIDILITIND,Mar 2018,5,18.89,NORMAL
PIDILITIND,Mar 2019,3,4.0,NORMAL
PIDILITIND,Mar 2019,5,14.87,NORMAL
PIDILITIND,Mar 2020,3,8.97,NORMAL
PIDILITIND,Mar 2020,5,17.08,NORMAL
PIDILITIND,Mar 2021,3,5.01,NORMAL
PIDILITIND,Mar 2021,5,6.58,NORMAL
PIDILITIND,Mar 2022,3,10.06,NORMAL
PIDILITIND,Mar 2022,5,7.14,NORMAL
PIDILITIND,Mar 2023,3,4.35,NORMAL
PIDILITIND,Mar 2023,5,5.64,NORMAL
PIDILITIND,Mar 2023,10,12.07,NORMAL
PIDILITIND,Mar 2024,3,15.62,NORMAL
PIDILITIND,Mar 2024,5,13.56,NORMAL
PIDILITIND,Mar 2024,10,14.22,NORMAL
PNB,Mar 2016,3,,DECLINE_TO_LOSS
PNB,Mar 2017,3,-33.06,DECLINE
PNB,Mar 2018,3,,DECLINE_TO_LOSS
PNB,Mar 2018,5,,DECLINE_TO_LOSS
PNB,Mar 2019,3,,BOTH_NEGATIVE
PNB,Mar 2019,5,,DECLINE_TO_LOSS
PNB,Mar 2020,3,-44.97,DECLINE
PNB,Mar 2020,5,-43.9,DECLINE
PNB,Mar 2021,3,,TURNAROUND
PNB,Mar 2021,5,,TURNAROUND
PNB,Mar 2022,3,,TURNAROUND
PNB,Mar 2022,5,-7.79,DECLINE
PNB,Mar 2023,3,44.22,NORMAL
PNB,Mar 2023,5,,TURNAROUND
PNB,Mar 2023,10,-20.02,DECLINE
PNB,Mar 2024,3,58.74,NORMAL
PNB,Mar 2024,5,,TURNAROUND
PNB,Mar 2024,10,-8.76,DECLINE
POWERGRID,Mar 2016,3,6.27,NORMAL
POWERGRID,Mar 2017,3,16.96,NORMAL
POWERGRID,Mar 2018,3,21.64,NORMAL
POWERGRID,Mar 2018,5,12.47,NORMAL
POWERGRID,Mar 2019,3,22.39,NORMAL
POWERGRID,Mar 2019,5,17.08,NORMAL
POWERGRID,Mar 2020,3,14.47,NORMAL
POWERGRID,Mar 2020,5,19.14,NORMAL
POWERGRID,Mar 2021,3,13.04,NORMAL
POWERGRID,Mar 2021,5,16.72,NORMAL
POWERGRID,Mar 2022,3,17.84,NORMAL
POWERGRID,Mar 2022,5,17.61,NORMAL
POWERGRID,Mar 2023,3,12.31,NORMAL
POWERGRID,Mar 2023,5,13.56,NORMAL
POWERGRID,Mar 2023,10,13.02,NORMAL
POWERGRID,Mar 2024,3,9.35,NORMAL
POWERGRID,Mar 2024,5,9.1,NORMAL
POWERGRID,Mar 2024,10,13.02,NORMAL
RECLTD,Mar 2016,3,13.62,NORMAL
RECLTD,Mar 2017,3,10.06,NORMAL
RECLTD,Mar 2018,3,-5.27,DECLINE
RECLTD,Mar 2018,5,2.53,NORMAL
RECLTD,Mar 2019,3,,INSUFFICIENT_DATA
RECLTD,Mar 2019,5,4.1,NORMAL
RECLTD,Mar 2020,3,-7.49,DECLINE
RECLTD,Mar 2020,5,-1.02,DECLINE
RECLTD,Mar 2021,3,23.47,NORMAL
RECLTD,Mar 2021,5,7.78,NORMAL
RECLTD,Mar 2022,3,19.98,NORMAL
RECLTD,Mar 2022,5,9.63,NORMAL
RECLTD,Mar 2023,3,30.27,NORMAL
RECLTD,Mar 2023,5,19.83,NORMAL
RECLTD,Mar 2023,10,10.84,NORMAL
RECLTD,Mar 2024,3,19.06,NORMAL
RECLTD,Mar 2024,5,19.67,NORMAL
RECLTD,Mar 2024,10,11.61,NORMAL
RELIANCE,Mar 2016,3,13.62,NORMAL
RELIANCE,Mar 2017,3,11.2,NORMAL
RELIANCE,Mar 2018,3,16.67,NORMAL
RELIANCE,Mar 2018,5,12.47,NORMAL
RELIANCE,Mar 2019,3,9.65,NORMAL
RELIANCE,Mar 2019,5,12.63,NORMAL
RELIANCE,Mar 2020,3,9.65,NORMAL
RELIANCE,Mar 2020,5,11.27,NORMAL
RELIANCE,Mar 2021,3,13.04,NORMAL
RELIANCE,Mar 2021,5,12.13,NORMAL
RELIANCE,Mar 2022,3,15.77,NORMAL
RELIANCE,Mar 2022,5,15.39,NORMAL
RELIANCE,Mar 2023,3,19.11,NORMAL
RELIANCE,Mar 2023,5,12.66,NORMAL
RELIANCE,Mar 2023,10,12.57,NORMAL
RELIANCE,Mar 2024,3,9.35,NORMAL
RELIANCE,Mar 2024,5,11.95,NORMAL
RELIANCE,Mar 2024,10,12.29,NORMAL
SBILIFE,Mar 2016,3,10.06,NORMAL
SBILIFE,Mar 2017,3,12.62,NORMAL
SBILIFE,Mar 2018,3,14.47,NORMAL
SBILIFE,Mar 2018,5,14.87,NORMAL
SBILIFE,Mar 2019,3,17.57,NORMAL
SBILIFE,Mar 2019,5,13.18,NORMAL
SBILIFE,Mar 2020,3,11.87,NORMAL
SBILIFE,Mar 2020,5,11.84,NORMAL
SBILIFE,Mar 2021,3,7.72,NORMAL
SBILIFE,Mar 2021,5,13.4,NORMAL
SBILIFE,Mar 2022,3,4.89,NORMAL
SBILIFE,Mar 2022,5,8.45,NORMAL
SBILIFE,Mar 2023,3,6.69,NORMAL
SBILIFE,Mar 2023,5,7.21,NORMAL
SBILIFE,Mar 2023,10,10.98,NORMAL
SBILIFE,Mar 2024,3,8.2,NORMAL
SBILIFE,Mar 2024,5,7.89,NORMAL
SBILIFE,Mar 2024,10,10.5,NORMAL
SBIN,Mar 2016,3,-14.94,DECLINE
SBIN,Mar 2017,3,,ZERO_BASE
SBIN,Mar 2018,3,,DECLINE_TO_LOSS
SBIN,Mar 2018,5,,DECLINE_TO_LOSS
SBIN,Mar 2019,3,-42.76,DECLINE
SBIN,Mar 2019,5,-30.87,DECLINE
SBIN,Mar 2020,3,,ZERO_BASE
SBIN,Mar 2020,5,-0.89,DECLINE
SBIN,Mar 2021,3,,TURNAROUND
SBIN,Mar 2021,5,9.34,NORMAL
SBIN,Mar 2022,3,137.13,NORMAL
SBIN,Mar 2022,5,,ZERO_BASE
SBIN,Mar 2023,3,41.25,NORMAL
SBIN,Mar 2023,5,,TURNAROUND
SBIN,Mar 2023,10,9.08,NORMAL
SBIN,Mar 2024,3,44.22,NORMAL
SBIN,Mar 2024,5,90.37,NORMAL
SBIN,Mar 2024,10,14.72,NORMAL
SHREECEM,Mar 2016 9m,3,4.43,NORMAL
SHREECEM,Mar 2017,3,19.33,NORMAL
SHREECEM,Mar 2018,3,48.19,NORMAL
SHREECEM,Mar 2018,5,6.63,NORMAL
SHREECEM,Mar 2019,3,-4.13,DECLINE
SHREECEM,Mar 2019,5,5.04,NORMAL
SHREECEM,Mar 2020,3,3.52,NORMAL
SHREECEM,Mar 2020,5,28.41,NORMAL
SHREECEM,Mar 2021,3,17.62,NORMAL
SHREECEM,Mar 2021,5,14.52,NORMAL
SHREECEM,Mar 2022,3,6.79,NORMAL
SHREECEM,Mar 2022,5,-1.73,DECLINE
SHREECEM,Mar 2023,3,15.95,NORMAL
SHREECEM,Mar 2023,5,10.83,NORMAL
SHREECEM,Mar 2023,10,8.71,NORMAL
SHREECEM,Mar 2024,3,-9.43,DECLINE
SHREECEM,Mar 2024,5,10.68,NORMAL
SHREECEM,Mar 2024,10,7.82,NORMAL
SHRIRAMFIN,Mar 2016,3,-9.14,DECLINE
SHRIRAMFIN,Mar 2017,3,-3.13,DECLINE
SHRIRAMFIN,Mar 2018,3,35.72,NORMAL
SHRIRAMFIN,Mar 2018,5,10.76,NORMAL
SHRIRAMFIN,Mar 2019,3,30.5,NORMAL
SHRIRAMFIN,Mar 2019,5,12.7,NORMAL
SHRIRAMFIN,Mar 2020,3,25.99,NORMAL
SHRIRAMFIN,Mar 2020,5,20.11,NORMAL
SHRIRAMFIN,Mar 2021,3,-3.45,DECLINE
SHRIRAMFIN,Mar 2021,5,14.87,NORMAL
SHRIRAMFIN,Mar 2022,3,,INSUFFICIENT_DATA
SHRIRAMFIN,Mar 2022,5,14.87,NORMAL
SHRIRAMFIN,Mar 2023,3,16.96,NORMAL
SHRIRAMFIN,Mar 2023,5,9.86,NORMAL
SHRIRAMFIN,Mar 2023,10,10.31,NORMAL
SHRIRAMFIN,Mar 2024,3,29.4,NORMAL
SHRIRAMFIN,Mar 2024,5,14.29,NORMAL
SHRIRAMFIN,Mar 2024,10,13.49,NORMAL
SIEMENS,Sep 2014,3,,INSUFFICIENT_DATA
SIEMENS,Sep 2016,5,,INSUFFICIENT_DATA
SIEMENS,Sep 2017,3,23.47,NORMAL
SIEMENS,Sep 2018,3,-8.84,DECLINE
SIEMENS,Sep 2019,3,-27.69,DECLINE
SIEMENS,Sep 2019,5,12.77,NORMAL
SIEMENS,Sep 2020,3,-11.74,DECLINE
SIEMENS,Sep 2020,5,-7.79,DECLINE
SIEMENS,Sep 2021,3,7.43,NORMAL
SIEMENS,Sep 2021,5,-17.68,DECLINE
SIEMENS,Sep 2021,10,,INSUFFICIENT_DATA
SIEMENS,Sep 2022,3,11.52,NORMAL
SIEMENS,Sep 2022,5,6.09,NORMAL
SIEMENS,Sep 2023,3,35.72,NORMAL
SIEMENS,Sep 2023,5,17.08,NORMAL
SIEMENS,Sep 2024,3,34.84,NORMAL
SIEMENS,Sep 2024,5,19.64,NORMAL
SIEMENS,Sep 2024,10,16.15,NORMAL
SUNPHARMA,Mar 2016,3,10.72,NORMAL
SUNPHARMA,Mar 2017,3,24.58,NORMAL
SUNPHARMA,Mar 2018,3,-25.77,DECLINE
SUNPHARMA,Mar 2018,5,-8.46,DECLINE
SUNPHARMA,Mar 2019,3,-16.65,DECLINE
SUNPHARMA,Mar 2019,5,-6.01,DECLINE
SUNPHARMA,Mar 2020,3,-17.98,DECLINE
SUNPHARMA,Mar 2020,5,-6.17,DECLINE
SUNPHARMA,Mar 2021,3,10.06,NORMAL
SUNPHARMA,Mar 2021,5,-8.78,DECLINE
SUNPHARMA,Mar 2022,3,8.37,NORMAL
SUNPHARMA,Mar 2022,5,-13.55,DECLINE
SUNPHARMA,Mar 2023,3,29.81,NORMAL
SUNPHARMA,Mar 2023,5,31.21,NORMAL
SUNPHARMA,Mar 2023,10,9.6,NORMAL
SUNPHARMA,Mar 2024,3,49.38,NORMAL
SUNPHARMA,Mar 2024,5,29.46,NORMAL
SUNPHARMA,Mar 2024,10,10.31,NORMAL
TATACONSUM,Mar 2016,3,,ZERO_BASE
TATACONSUM,Mar 2017,3,-5.01,DECLINE
TATACONSUM,Mar 2018,3,25.99,NORMAL
TATACONSUM,Mar 2018,5,5.92,NORMAL
TATACONSUM,Mar 2019,3,,ZERO_BASE
TATACONSUM,Mar 2019,5,-3.04,DECLINE
TATACONSUM,Mar 2020,3,-5.9,DECLINE
TATACONSUM,Mar 2020,5,4.56,NORMAL
TATACONSUM,Mar 2021,3,4.0,NORMAL
TATACONSUM,Mar 2021,5,,ZERO_BASE
TATACONSUM,Mar 2022,3,18.56,NORMAL
TATACONSUM,Mar 2022,5,10.76,NORMAL
TATACONSUM,Mar 2023,3,33.89,NORMAL
TATACONSUM,Mar 2023,5,8.45,NORMAL
TATACONSUM,Mar 2023,10,7.18,NORMAL
TATACONSUM,Mar 2024,3,10.06,NORMAL
TATACONSUM,Mar 2024,5,14.87,NORMAL
TATACONSUM,Mar 2024,10,5.54,NORMAL
TATAMOTORS,Mar 2016,3,4.55,NORMAL
TATAMOTORS,Mar 2017,3,-18.48,DECLINE
TATAMOTORS,Mar 2018,3,-13.56,DECLINE
TATAMOTORS,Mar 2018,5,-2.4,DECLINE
TATAMOTORS,Mar 2019,3,,DECLINE_TO_LOSS
TATAMOTORS,Mar 2019,5,,DECLINE_TO_LOSS
TATAMOTORS,Mar 2020,3,,DECLINE_TO_LOSS
TATAMOTORS,Mar 2020,5,,DECLINE_TO_LOSS
TATAMOTORS,Mar 2021,3,,DECLINE_TO_LOSS
TATAMOTORS,Mar 2021,5,,DECLINE_TO_LOSS
TATAMOTORS,Mar 2022,3,,BOTH_NEGATIVE
TATAMOTORS,Mar 2022,5,,DECLINE_TO_LOSS
TATAMOTORS,Mar 2023,3,,TURNAROUND
TATAMOTORS,Mar 2023,5,-25.74,DECLINE
TATAMOTORS,Mar 2023,10,-14.87,DECLINE
TATAMOTORS,Mar 2024,3,,TURNAROUND
TATAMOTORS,Mar 2024,5,,TURNAROUND
TATAMOTORS,Mar 2024,10,6.95,NORMAL
TATAPOWER,Mar 2016,3,,ZERO_BASE
TATAPOWER,Mar 2017,3,,TURNAROUND
TATAPOWER,Mar 2018,3,108.01,NORMAL
TATAPOWER,Mar 2018,5,,ZERO_BASE
TATAPOWER,Mar 2019,3,65.1,NORMAL
TATAPOWER,Mar 2019,5,,TURNAROUND
TATAPOWER,Mar 2020,3,10.06,NORMAL
TATAPOWER,Mar 2020,5,31.95,NORMAL
TATAPOWER,Mar 2021,3,-23.69,DECLINE
TATAPOWER,Mar 2021,5,14.87,NORMAL
TATAPOWER,Mar 2022,3,-17.79,DECLINE
TATAPOWER,Mar 2022,5,10.76,NORMAL
TATAPOWER,Mar 2023,3,35.72,NORMAL
TATAPOWER,Mar 2023,5,2.13,NORMAL
TATAPOWER,Mar 2023,10,,ZERO_BASE
TATAPOWER,Mar 2024,3,44.22,NORMAL
TATAPOWER,Mar 2024,5,5.92,NORMAL
TATAPOWER,Mar 2024,10,,TURNAROUND
TATASTEEL,Mar 2016,3,,TURNAROUND
TATASTEEL,Mar 2017,3,,DECLINE_TO_LOSS
TATASTEEL,Mar 2018,3,,TURNAROUND
TATASTEEL,Mar 2018,5,,TURNAROUND
TATASTEEL,Mar 2019,3,,ZERO_BASE
TATASTEEL,Mar 2019,5,24.57,NORMAL
TATASTEEL,Mar 2020,3,,TURNAROUND
TATASTEEL,Mar 2020,5,,TURNAROUND
TATASTEEL,Mar 2021,3,-20.63,DECLINE
TATASTEEL,Mar 2021,5,,ZERO_BASE
TATASTEEL,Mar 2022,3,54.2,NORMAL
TATASTEEL,Mar 2022,5,,TURNAROUND
TATASTEEL,Mar 2023,3,91.29,NORMAL
TATASTEEL,Mar 2023,5,-10.22,DECLINE
TATASTEEL,Mar 2023,10,,TURNAROUND
TATASTEEL,Mar 2024,3,,DECLINE_TO_LOSS
TATASTEEL,Mar 2024,5,,DECLINE_TO_LOSS
TATASTEEL,Mar 2024,10,,DECLINE_TO_LOSS
TCS,Mar 2016,3,19.87,NORMAL
TCS,Mar 2017,3,10.99,NORMAL
TCS,Mar 2018,3,9.52,NORMAL
TCS,Mar 2018,5,13.23,NORMAL
TCS,Mar 2019,3,10.65,NORMAL
TCS,Mar 2019,5,11.38,NORMAL
TCS,Mar 2020,3,8.68,NORMAL
TCS,Mar 2020,5,11.02,NORMAL
TCS,Mar 2021,3,9.51,NORMAL
TCS,Mar 2021,5,7.26,NORMAL
TCS,Mar 2022,3,7.72,NORMAL
TCS,Mar 2022,5,9.4,NORMAL
TCS,Mar 2023,3,10.17,NORMAL
TCS,Mar 2023,5,11.41,NORMAL
TCS,Mar 2023,10,12.32,NORMAL
TCS,Mar 2024,3,13.01,NORMAL
TCS,Mar 2024,5,8.62,NORMAL
TCS,Mar 2024,10,9.99,NORMAL
TECHM,Mar 2016,3,7.43,NORMAL
TECHM,Mar 2017,3,-3.23,DECLINE
TECHM,Mar 2018,3,13.04,NORMAL
TECHM,Mar 2018,5,9.3,NORMAL
TECHM,Mar 2019,3,12.38,NORMAL
TECHM,Mar 2019,5,6.58,NORMAL
TECHM,Mar 2020,3,13.14,NORMAL
TECHM,Mar 2020,5,9.24,NORMAL
TECHM,Mar 2021,3,5.66,NORMAL
TECHM,Mar 2021,5,8.21,NORMAL
TECHM,Mar 2022,3,9.01,NORMAL
TECHM,Mar 2022,5,14.47,NORMAL
TECHM,Mar 2023,3,5.98,NORMAL
TECHM,Mar 2023,5,5.09,NORMAL
TECHM,Mar 2023,10,7.18,NORMAL
TECHM,Mar 2024,3,-19.5,DECLINE
TECHM,Mar 2024,5,-11.42,DECLINE
TECHM,Mar 2024,10,-2.84,DECLINE
TITAN,Mar 2016,3,,INSUFFICIENT_DATA
TITAN,Mar 2017,3,,INSUFFICIENT_DATA
TITAN,Mar 2018,3,13.04,NORMAL
TITAN,Mar 2018,5,10.2,NORMAL
TITAN,Mar 2019,3,25.99,NORMAL
TITAN,Mar 2019,5,14.87,NORMAL
TITAN,Mar 2020,3,28.56,NORMAL
TITAN,Mar 2020,5,13.56,NORMAL
TITAN,Mar 2021,3,-5.42,DECLINE
TITAN,Mar 2021,5,6.58,NORMAL
TITAN,Mar 2022,3,14.47,NORMAL
TITAN,Mar 2022,5,24.57,NORMAL
TITAN,Mar 2023,3,29.59,NORMAL
TITAN,Mar 2023,5,23.27,NORMAL
TITAN,Mar 2023,10,16.55,NORMAL
TITAN,Mar 2024,3,52.48,NORMAL
TITAN,Mar 2024,5,19.51,NORMAL
TITAN,Mar 2024,10,17.16,NORMAL
TORNTPHARM,Mar 2016,3,57.72,NORMAL
TORNTPHARM,Mar 2017,3,11.87,NORMAL
TORNTPHARM,Mar 2018,3,-3.13,DECLINE
TORNTPHARM,Mar 2018,5,9.0,NORMAL
TORNTPHARM,Mar 2019,3,-36.59,DECLINE
TORNTPHARM,Mar 2019,5,-8.25,DECLINE
TORNTPHARM,Mar 2020,3,2.33,NORMAL
TORNTPHARM,Mar 2020,5,6.4,NORMAL
TORNTPHARM,Mar 2021,3,22.76,NORMAL
TORNTPHARM,Mar 2021,5,-6.22,DECLINE
TORNTPHARM,Mar 2022,3,20.95,NORMAL
TORNTPHARM,Mar 2022,5,-3.86,DECLINE
TORNTPHARM,Mar 2023,3,7.24,NORMAL
TORNTPHARM,Mar 2023,5,13.09,NORMAL
TORNTPHARM,Mar 2023,10,11.03,NORMAL
TORNTPHARM,Mar 2024,3,9.82,NORMAL
TORNTPHARM,Mar 2024,5,30.39,NORMAL
TORNTPHARM,Mar 2024,10,9.37,NORMAL
TRENT,Mar 2016,3,,TURNAROUND
TRENT,Mar 2017,3,,TURNAROUND
TRENT,Mar 2018,3,-9.14,DECLINE
TRENT,Mar 2018,5,,TURNAROUND
TRENT,Mar 2019,3,14.47,NORMAL
TRENT,Mar 2019,5,,TURNAROUND
TRENT,Mar 2020,3,,INSUFFICIENT_DATA
TRENT,Mar 2020,5,-5.59,DECLINE
TRENT,Mar 2021,3,,DECLINE_TO_LOSS
TRENT,Mar 2021,5,,DECLINE_TO_LOSS
TRENT,Mar 2022,3,,INSUFFICIENT_DATA
TRENT,Mar 2022,5,,INSUFFICIENT_DATA
TRENT,Mar 2023,3,63.03,NORMAL
TRENT,Mar 2023,5,34.08,NORMAL
TRENT,Mar 2023,10,,TURNAROUND
TRENT,Mar 2024,3,,TURNAROUND
TRENT,Mar 2024,5,69.52,NORMAL
TRENT,Mar 2024,10,,TURNAROUND
TVSMOTOR,Mar 2016,3,31.04,NORMAL
TVSMOTOR,Mar 2017,3,40.1,NORMAL
TVSMOTOR,Mar 2018,3,25.99,NORMAL
TVSMOTOR,Mar 2018,5,28.47,NORMAL
TVSMOTOR,Mar 2019,3,18.56,NORMAL
TVSMOTOR,Mar 2019,5,30.26,NORMAL
TVSMOTOR,Mar 2020,3,5.73,NORMAL
TVSMOTOR,Mar 2020,5,13.18,NORMAL
TVSMOTOR,Mar 2021,3,-2.44,DECLINE
TVSMOTOR,Mar 2021,5,7.63,NORMAL
TVSMOTOR,Mar 2022,3,2.17,NORMAL
TVSMOTOR,Mar 2022,5,7.78,NORMAL
TVSMOTOR,Mar 2023,3,29.14,NORMAL
TVSMOTOR,Mar 2023,5,14.87,NORMAL
TVSMOTOR,Mar 2023,10,21.48,NORMAL
TVSMOTOR,Mar 2024,3,40.43,NORMAL
TVSMOTOR,Mar 2024,5,19.14,NORMAL
TVSMOTOR,Mar 2024,10,24.57,NORMAL
ULTRACEMCO,Mar 2016,3,-2.8,DECLINE
ULTRACEMCO,Mar 2017,3,7.36,NORMAL
ULTRACEMCO,Mar 2018,3,2.15,NORMAL
ULTRACEMCO,Mar 2018,5,-3.74,DECLINE
ULTRACEMCO,Mar 2019,3,-0.75,DECLINE
ULTRACEMCO,Mar 2019,5,1.92,NORMAL
ULTRACEMCO,Mar 2020,3,26.2,NORMAL
ULTRACEMCO,Mar 2020,5,21.23,NORMAL
ULTRACEMCO,Mar 2021,3,32.64,NORMAL
ULTRACEMCO,Mar 2021,5,16.0,NORMAL
ULTRACEMCO,Mar 2022,3,42.38,NORMAL
ULTRACEMCO,Mar 2022,5,20.74,NORMAL
ULTRACEMCO,Mar 2023,3,-4.19,DECLINE
ULTRACEMCO,Mar 2023,5,16.66,NORMAL
ULTRACEMCO,Mar 2023,10,5.97,NORMAL
ULTRACEMCO,Mar 2024,3,8.74,NORMAL
ULTRACEMCO,Mar 2024,5,22.53,NORMAL
ULTRACEMCO,Mar 2024,10,11.75,NORMAL
UNIONBANK,Mar 2016,3,-17.79,DECLINE
UNIONBANK,Mar 2017,3,-33.33,DECLINE
UNIONBANK,Mar 2018,3,,DECLINE_TO_LOSS
UNIONBANK,Mar 2018,5,,DECLINE_TO_LOSS
UNIONBANK,Mar 2019,3,,DECLINE_TO_LOSS
UNIONBANK,Mar 2019,5,,DECLINE_TO_LOSS
UNIONBANK,Mar 2020,3,,DECLINE_TO_LOSS
UNIONBANK,Mar 2020,5,,DECLINE_TO_LOSS
UNIONBANK,Mar 2021,3,,TURNAROUND
UNIONBANK,Mar 2021,5,-27.52,DECLINE
UNIONBANK,Mar 2022,3,,TURNAROUND
UNIONBANK,Mar 2022,5,,INSUFFICIENT_DATA
UNIONBANK,Mar 2023,3,,TURNAROUND
UNIONBANK,Mar 2023,5,,TURNAROUND
UNIONBANK,Mar 2023,10,-10.4,DECLINE
UNIONBANK,Mar 2024,3,65.1,NORMAL
UNIONBANK,Mar 2024,5,,TURNAROUND
UNIONBANK,Mar 2024,10,-3.97,DECLINE
UNITDSPR,Mar 2016,3,,TURNAROUND
UNITDSPR,Mar 2017,3,,TURNAROUND
UNITDSPR,Mar 2018,3,,TURNAROUND
UNITDSPR,Mar 2018,5,,TURNAROUND
UNITDSPR,Mar 2019,3,71.0,NORMAL
UNITDSPR,Mar 2019,5,,TURNAROUND
UNITDSPR,Mar 2020,3,108.01,NORMAL
UNITDSPR,Mar 2020,5,,TURNAROUND
UNITDSPR,Mar 2021,3,-17.79,DECLINE
UNITDSPR,Mar 2021,5,20.11,NORMAL
UNITDSPR,Mar 2022,3,3.23,NORMAL
UNITDSPR,Mar 2022,5,61.54,NORMAL
UNITDSPR,Mar 2023,3,21.14,NORMAL
UNITDSPR,Mar 2023,5,12.2,NORMAL
UNITDSPR,Mar 2023,10,,TURNAROUND
UNITDSPR,Mar 2024,3,56.05,NORMAL
UNITDSPR,Mar 2024,5,13.7,NORMAL
UNITDSPR,Mar 2024,10,,TURNAROUND
VBL,Dec 2015,3,-20.63,DECLINE
VBL,Dec 2016,3,,ZERO_BASE
VBL,Dec 2017,3,,ZERO_BASE
VBL,Dec 2017,5,-12.94,DECLINE
VBL,Dec 2018,3,,INSUFFICIENT_DATA
VBL,Dec 2018,5,,ZERO_BASE
VBL,Dec 2019,3,,ZERO_BASE
VBL,Dec 2019,5,,ZERO_BASE
VBL,Dec 2020,3,,INSUFFICIENT_DATA
VBL,Dec 2020,5,,INSUFFICIENT_DATA
VBL,Dec 2021,3,25.99,NORMAL
VBL,Dec 2021,5,,ZERO_BASE
VBL,Dec 2022,3,71.0,NORMAL
VBL,Dec 2022,5,37.97,NORMAL
VBL,Dec 2022,10,9.6,NORMAL
VBL,Dec 2023,3,81.71,NORMAL
VBL,Dec 2023,5,43.1,NORMAL
VBL,Dec 2023,10,,ZERO_BASE
VEDL,Mar 2016,3,,DECLINE_TO_LOSS
VEDL,Mar 2017,3,3.08,NORMAL
VEDL,Mar 2018,3,,TURNAROUND
VEDL,Mar 2018,5,1.49,NORMAL
VEDL,Mar 2019,3,,TURNAROUND
VEDL,Mar 2019,5,-1.98,DECLINE
VEDL,Mar 2020,3,,DECLINE_TO_LOSS
VEDL,Mar 2020,5,,BOTH_NEGATIVE
VEDL,Mar 2021,3,3.45,NORMAL
VEDL,Mar 2021,5,,TURNAROUND
VEDL,Mar 2022,3,38.98,NORMAL
VEDL,Mar 2022,5,17.27,NORMAL
VEDL,Mar 2023,3,,TURNAROUND
VEDL,Mar 2023,5,,INSUFFICIENT_DATA
VEDL,Mar 2023,10,0.74,NORMAL
VEDL,Mar 2024,3,-29.2,DECLINE
VEDL,Mar 2024,5,-10.35,DECLINE
VEDL,Mar 2024,10,-6.26,DECLINE
WIPRO,Mar 2016,3,11.87,NORMAL
WIPRO,Mar 2017,3,5.27,NORMAL
WIPRO,Mar 2018,3,,INSUFFICIENT_DATA
WIPRO,Mar 2018,5,6.96,NORMAL
WIPRO,Mar 2019,3,,INSUFFICIENT_DATA
WIPRO,Mar 2019,5,3.13,NORMAL
WIPRO,Mar 2020,3,8.74,NORMAL
WIPRO,Mar 2020,5,5.15,NORMAL
WIPRO,Mar 2021,3,12.62,NORMAL
WIPRO,Mar 2021,5,7.39,NORMAL
WIPRO,Mar 2022,3,16.26,NORMAL
WIPRO,Mar 2022,5,9.46,NORMAL
WIPRO,Mar 2023,3,3.57,NORMAL
WIPRO,Mar 2023,5,7.39,NORMAL
WIPRO,Mar 2023,10,7.18,NORMAL
WIPRO,Mar 2024,3,3.23,NORMAL
WIPRO,Mar 2024,5,9.46,NORMAL
WIPRO,Mar 2024,10,6.25,NORMAL
ZOMATO,Mar 2021,3,,BOTH_NEGATIVE
ZOMATO,Mar 2022,3,,BOTH_NEGATIVE
ZOMATO,Mar 2023,3,,BOTH_NEGATIVE
ZOMATO,Mar 2023,5,,BOTH_NEGATIVE
ZOMATO,Mar 2024,3,,TURNAROUND
ZOMATO,Mar 2024,5,,TURNAROUND
ZYDUSLIFE,Mar 2016,3,46.85,NORMAL
ZYDUSLIFE,Mar 2017,3,23.31,NORMAL
ZYDUSLIFE,Mar 2018,3,15.62,NORMAL
ZYDUSLIFE,Mar 2018,5,23.16,NORMAL
ZYDUSLIFE,Mar 2019,3,-1.79,DECLINE
ZYDUSLIFE,Mar 2019,5,17.61,NORMAL
ZYDUSLIFE,Mar 2020,3,-9.82,DECLINE
ZYDUSLIFE,Mar 2020,5,,INSUFFICIENT_DATA
ZYDUSLIFE,Mar 2021,3,7.3,NORMAL
ZYDUSLIFE,Mar 2021,5,2.02,NORMAL
ZYDUSLIFE,Mar 2022,3,34.71,NORMAL
ZYDUSLIFE,Mar 2022,5,24.01,NORMAL
ZYDUSLIFE,Mar 2023,3,19.98,NORMAL
ZYDUSLIFE,Mar 2023,5,2.25,NORMAL
ZYDUSLIFE,Mar 2023,10,12.22,NORMAL
ZYDUSLIFE,Mar 2024,3,21.86,NORMAL
ZYDUSLIFE,Mar 2024,5,16.12,NORMAL
ZYDUSLIFE,Mar 2024,10,16.86,NORMAL
