company_id,year,horizon_years,revenue_cagr_value,revenue_cagr_flag
ABB,Mar 2015,3,11.46,NORMAL
ABB,Mar 2017,3,8.45,NORMAL
ABB,Mar 2017,5,11.92,NORMAL
ABB,Mar 2018,3,12.95,NORMAL
ABB,Mar 2019,3,12.07,NORMAL
ABB,Mar 2019,5,10.08,NORMAL
ABB,Mar 2020,3,12.13,NORMAL
ABB,Mar 2020,5,12.33,NORMAL
ABB,Mar 2021,3,9.33,NORMAL
ABB,Mar 2021,5,10.52,NORMAL
ABB,Mar 2022,3,10.12,NORMAL
ABB,Mar 2022,5,11.1,NORMAL
ABB,Mar 2022,10,11.51,NORMAL
ABB,Mar 2023,3,9.33,NORMAL
ABB,Mar 2023,5,10.16,NORMAL
ABB,Mar 2024,3,10.71,NORMAL
ABB,Mar 2024,5,9.72,NORMAL
ABB,Mar 2024,10,9.9,NORMAL
ADANIENSOL,Mar 2017,3,,ZERO_BASE
ADANIENSOL,Mar 2018,3,211.09,NORMAL
ADANIENSOL,Mar 2019,3,49.32,NORMAL
ADANIENSOL,Mar 2019,5,,ZERO_BASE
ADANIENSOL,Mar 2020,3,58.33,NORMAL
ADANIENSOL,Mar 2020,5,144.37,NORMAL
ADANIENSOL,Mar 2021,3,36.02,NORMAL
ADANIENSOL,Mar 2021,5,35.24,NORMAL
ADANIENSOL,Mar 2022,3,15.51,NORMAL
ADANIENSOL,Mar 2022,5,31.38,NORMAL
ADANIENSOL,Mar 2023,3,5.2,NORMAL
ADANIENSOL,Mar 2023,5,27.51,NORMAL
ADANIENSOL,Mar 2024,3,18.72,NORMAL
ADANIENSOL,Mar 2024,5,17.85,NORMAL
ADANIENSOL,Mar 2024,10,,ZERO_BASE
ADANIENT,Mar 2016,3,-9.82,DECLINE
ADANIENT,Mar 2017,3,-12.72,DECLINE
ADANIENT,Mar 2018,3,-17.71,DECLINE
ADANIENT,Mar 2018,5,-4.98,DECLINE
ADANIENT,Mar 2019,3,5.89,NORMAL
ADANIENT,Mar 2019,5,-5.98,DECLINE
ADANIENT,Mar 2020,3,5.91,NORMAL
ADANIENT,Mar 2020,5,-7.61,DECLINE
ADANIENT,Mar 2021,3,3.25,NORMAL
ADANIENT,Mar 2021,5,3.06,NORMAL
ADANIENT,Mar 2022,3,19.8,NORMAL
ADANIENT,Mar 2022,5,13.7,NORMAL
ADANIENT,Mar 2023,3,43.23,NORMAL
ADANIENT,Mar 2023,5,28.84,NORMAL
ADANIENT,Mar 2023,10,10.65,NORMAL
ADANIENT,Mar 2024,3,34.6,NORMAL
ADANIENT,Mar 2024,5,19.02,NORMAL
ADANIENT,Mar 2024,10,5.78,NORMAL
ADANIGREEN,Mar 2020,3,71.88,NORMAL
ADANIGREEN,Mar 2021,3,28.28,NORMAL
ADANIGREEN,Mar 2022,3,35.62,NORMAL
ADANIGREEN,Mar 2022,5,59.2,NORMAL
ADANIGREEN,Mar 2023,3,45.03,NORMAL
ADANIGREEN,Mar 2023,5,39.35,NORMAL
ADANIGREEN,Mar 2024,3,43.44,NORMAL
ADANIGREEN,Mar 2024,5,34.98,NORMAL
ADANIPORTS,Mar 2016,3,25.73,NORMAL
ADANIPORTS,Mar 2016,3,25.73,NORMAL
ADANIPORTS,Mar 2017,3,20.44,NORMAL
ADANIPORTS,Mar 2017,3,20.44,NORMAL
ADANIPORTS,Mar 2018,3,22.55,NORMAL
ADANIPORTS,Mar 2018,5,25.92,NORMAL
ADANIPORTS,Mar 2018,3,22.55,NORMAL
ADANIPORTS,Mar 2018,5,25.92,NORMAL
ADANIPORTS,Mar 2019,3,15.4,NORMAL
ADANIPORTS,Mar 2019,5,17.73,NORMAL
ADANIPORTS,Mar 2019,3,15.4,NORMAL
ADANIPORTS,Mar 2019,5,17.73,NORMAL
ADANIPORTS,Mar 2020,3,12.05,NORMAL
ADANIPORTS,Mar 2020,5,14.05,NORMAL
ADANIPORTS,Mar 2020,3,12.05,NORMAL
ADANIPORTS,Mar 2020,5,14.05,NORMAL
ADANIPORTS,Mar 2021,3,3.49,NORMAL
ADANIPORTS,Mar 2021,5,12.04,NORMAL
ADANIPORTS,Mar 2021,3,3.49,NORMAL
ADANIPORTS,Mar 2021,5,12.04,NORMAL
ADANIPORTS,Mar 2022,3,16.15,NORMAL
ADANIPORTS,Mar 2022,5,15.2,NORMAL
ADANIPORTS,Mar 2022,3,16.15,NORMAL
ADANIPORTS,Mar 2022,5,15.2,NORMAL
ADANIPORTS,Mar 2023,3,20.65,NORMAL
ADANIPORTS,Mar 2023,5,12.99,NORMAL
ADANIPORTS,Mar 2023,10,19.28,NORMAL
ADANIPORTS,Mar 2023,3,20.65,NORMAL
ADANIPORTS,Mar 2023,5,12.99,NORMAL
ADANIPORTS,Mar 2023,10,19.28,NORMAL
ADANIPORTS,Mar 2024,3,28.63,NORMAL
ADANIPORTS,Mar 2024,5,19.58,NORMAL
ADANIPORTS,Mar 2024,10,18.65,NORMAL
ADANIPORTS,Mar 2024,3,28.63,NORMAL
ADANIPORTS,Mar 2024,5,19.58,NORMAL
ADANIPORTS,Mar 2024,10,18.65,NORMAL
ADANIPOWER,Mar 2016,3,55.94,NORMAL
ADANIPOWER,Mar 2017,3,13.84,NORMAL
ADANIPOWER,Mar 2018,3,2.81,NORMAL
ADANIPOWER,Mar 2018,5,24.85,NORMAL
ADANIPOWER,Mar 2019,3,-2.0,DECLINE
ADANIPOWER,Mar 2019,5,9.28,NORMAL
ADANIPOWER,Mar 2020,3,5.38,NORMAL
ADANIPOWER,Mar 2020,5,7.21,NORMAL
ADANIPOWER,Mar 2021,3,8.9,NORMAL
ADANIPOWER,Mar 2021,5,0.66,NORMAL
ADANIPOWER,Mar 2022,3,5.08,NORMAL
ADANIPOWER,Mar 2022,5,4.15,NORMAL
ADANIPOWER,Mar 2023,3,13.57,NORMAL
ADANIPOWER,Mar 2023,5,13.81,NORMAL
ADANIPOWER,Mar 2023,10,19.21,NORMAL
ADANIPOWER,Mar 2024,3,24.29,NORMAL
ADANIPOWER,Mar 2024,5,16.09,NORMAL
ADANIPOWER,Mar 2024,10,12.63,NORMAL
AMBUJACEM,Dec 2015,3,-1.08,DECLINE
AMBUJACEM,Dec 2016,3,29.93,NORMAL
AMBUJACEM,Dec 2017,3,33.36,NORMAL
AMBUJACEM,Dec 2017,5,19.35,NORMAL
AMBUJACEM,Dec 2018,3,40.26,NORMAL
AMBUJACEM,Dec 2018,5,23.24,NORMAL
AMBUJACEM,Dec 2019,3,10.49,NORMAL
AMBUJACEM,Dec 2019,5,22.18,NORMAL
AMBUJACEM,Dec 2020,3,1.26,NORMAL
AMBUJACEM,Dec 2020,5,21.04,NORMAL
AMBUJACEM,Dec 2021,3,3.61,NORMAL
AMBUJACEM,Dec 2021,5,7.59,NORMAL
AMBUJACEM,Mar 2023 15,3,16.67,NORMAL
AMBUJACEM,Mar 2023 15,5,8.38,NORMAL
AMBUJACEM,Mar 2023 15,10,15.57,NORMAL
AMBUJACEM,Mar 2024,3,4.61,NORMAL
AMBUJACEM,Mar 2024,5,4.12,NORMAL
AMBUJACEM,Mar 2024,10,12.79,NORMAL
APOLLOHOSP,Mar 2016,3,17.73,NORMAL
APOLLOHOSP,Mar 2017,3,18.53,NORMAL
APOLLOHOSP,Mar 2018,3,17.13,NORMAL
APOLLOHOSP,Mar 2018,5,16.94,NORMAL
APOLLOHOSP,Mar 2019,3,16.07,NORMAL
APOLLOHOSP,Mar 2019,5,17.16,NORMAL
APOLLOHOSP,Mar 2020,3,15.73,NORMAL
APOLLOHOSP,Mar 2020,5,17.0,NORMAL
APOLLOHOSP,Mar 2021,3,8.61,NORMAL
APOLLOHOSP,Mar 2021,5,11.42,NORMAL
APOLLOHOSP,Mar 2022,3,15.1,NORMAL
APOLLOHOSP,Mar 2022,5,15.11,NORMAL
APOLLOHOSP,Mar 2023,3,13.88,NORMAL
APOLLOHOSP,Mar 2023,5,15.04,NORMAL
APOLLOHOSP,Mar 2023,10,15.99,NORMAL
APOLLOHOSP,Mar 2024,3,21.75,NORMAL
APOLLOHOSP,Mar 2024,5,14.66,NORMAL
APOLLOHOSP,Mar 2024,10,15.9,NORMAL
ASIANPAINT,Mar 2016,3,10.76,NORMAL
ASIANPAINT,Mar 2017,3,7.22,NORMAL
ASIANPAINT,Mar 2018,3,7.31,NORMAL
ASIANPAINT,Mar 2018,5,9.88,NORMAL
ASIANPAINT,Mar 2019,3,10.47,NORMAL
ASIANPAINT,Mar 2019,5,9.5,NORMAL
ASIANPAINT,Mar 2020,3,10.3,NORMAL
ASIANPAINT,Mar 2020,5,8.22,NORMAL
ASIANPAINT,Mar 2021,3,8.87,NORMAL
ASIANPAINT,Mar 2021,5,8.76,NORMAL
ASIANPAINT,Mar 2022,3,14.79,NORMAL
ASIANPAINT,Mar 2022,5,14.08,NORMAL
ASIANPAINT,Mar 2023,3,19.5,NORMAL
ASIANPAINT,Mar 2023,5,15.44,NORMAL
ASIANPAINT,Mar 2023,10,12.62,NORMAL
ASIANPAINT,Mar 2024,3,17.8,NORMAL
ASIANPAINT,Mar 2024,5,13.03,NORMAL
ASIANPAINT,Mar 2024,10,11.25,NORMAL
ATGL,Mar 2021,3,7.27,NORMAL
ATGL,Mar 2022,3,20.9,NORMAL
ATGL,Mar 2023,3,32.67,NORMAL
ATGL,Mar 2023,5,26.08,NORMAL
ATGL,Mar 2024,3,38.18,NORMAL
ATGL,Mar 2024,5,21.09,NORMAL
AXISBANK,Mar 2016,3,14.67,NORMAL
AXISBANK,Mar 2017,3,13.28,NORMAL
AXISBANK,Mar 2018,3,8.87,NORMAL
AXISBANK,Mar 2018,5,10.99,NORMAL
AXISBANK,Mar 2019,3,10.29,NORMAL
AXISBANK,Mar 2019,5,12.41,NORMAL
AXISBANK,Mar 2020,3,12.03,NORMAL
AXISBANK,Mar 2020,5,12.04,NORMAL
AXISBANK,Mar 2021,3,11.43,NORMAL
AXISBANK,Mar 2021,5,9.1,NORMAL
AXISBANK,Mar 2022,3,7.01,NORMAL
AXISBANK,Mar 2022,5,8.63,NORMAL
AXISBANK,Mar 2023,3,10.78,NORMAL
AXISBANK,Mar 2023,5,13.22,NORMAL
AXISBANK,Mar 2023,10,12.1,NORMAL
AXISBANK,Mar 2024,3,19.97,NORMAL
AXISBANK,Mar 2024,5,14.74,NORMAL
AXISBANK,Mar 2024,10,13.57,NORMAL
BAJAJ-AUTO,Mar 2016,3,4.07,NORMAL
BAJAJ-AUTO,Mar 2017,3,2.61,NORMAL
BAJAJ-AUTO,Mar 2018,3,5.29,NORMAL
BAJAJ-AUTO,Mar 2018,5,4.71,NORMAL
BAJAJ-AUTO,Mar 2019,3,10.38,NORMAL
BAJAJ-AUTO,Mar 2019,5,8.56,NORMAL
BAJAJ-AUTO,Mar 2020,3,11.21,NORMAL
BAJAJ-AUTO,Mar 2020,5,6.74,NORMAL
BAJAJ-AUTO,Mar 2021,3,3.24,NORMAL
BAJAJ-AUTO,Mar 2021,5,4.21,NORMAL
BAJAJ-AUTO,Mar 2022,3,2.97,NORMAL
BAJAJ-AUTO,Mar 2022,5,8.79,NORMAL
BAJAJ-AUTO,Mar 2023,3,6.81,NORMAL
BAJAJ-AUTO,Mar 2023,5,7.66,NORMAL
BAJAJ-AUTO,Mar 2023,10,6.17,NORMAL
BAJAJ-AUTO,Mar 2024,3,17.38,NORMAL
BAJAJ-AUTO,Mar 2024,5,8.13,NORMAL
BAJAJ-AUTO,Mar 2024,10,8.34,NORMAL
BAJAJFINSV,Mar 2016,3,36.6,NORMAL
BAJAJFINSV,Mar 2017,3,59.65,NORMAL
BAJAJFINSV,Mar 2018,3,42.59,NORMAL
BAJAJFINSV,Mar 2018,5,32.47,NORMAL
BAJAJFINSV,Mar 2019,3,27.55,NORMAL
BAJAJFINSV,Mar 2019,5,47.89,NORMAL
BAJAJFINSV,Mar 2020,3,30.41,NORMAL
BAJAJFINSV,Mar 2020,5,36.82,NORMAL
BAJAJFINSV,Mar 2021,3,22.62,NORMAL
BAJAJFINSV,Mar 2021,5,24.16,NORMAL
BAJAJFINSV,Mar 2022,3,17.1,NORMAL
BAJAJFINSV,Mar 2022,5,22.79,NORMAL
BAJAJFINSV,Mar 2023,3,14.73,NORMAL
BAJAJFINSV,Mar 2023,5,20.09,NORMAL
BAJAJFINSV,Mar 2023,10,26.13,NORMAL
BAJAJFINSV,Mar 2024,3,22.13,NORMAL
BAJAJFINSV,Mar 2024,5,20.97,NORMAL
BAJAJFINSV,Mar 2024,10,33.75,NORMAL
BAJAJHLDNG,Mar 2016,3,11.73,NORMAL
BAJAJHLDNG,Mar 2017,3,25.79,NORMAL
BAJAJHLDNG,Mar 2018,3,-7.11,DECLINE
BAJAJHLDNG,Mar 2018,5,4.5,NORMAL
BAJAJHLDNG,Mar 2019,3,-2.85,DECLINE
BAJAJHLDNG,Mar 2019,5,0.38,NORMAL
BAJAJHLDNG,Mar 2020,3,-19.76,DECLINE
BAJAJHLDNG,Mar 2020,5,-3.65,DECLINE
BAJAJHLDNG,Mar 2021,3,2.85,NORMAL
BAJAJHLDNG,Mar 2021,5,-0.56,DECLINE
BAJAJHLDNG,Mar 2022,3,3.94,NORMAL
BAJAJHLDNG,Mar 2022,5,-10.48,DECLINE
BAJAJHLDNG,Mar 2023,3,6.27,NORMAL
BAJAJHLDNG,Mar 2023,5,4.44,NORMAL
BAJAJHLDNG,Mar 2023,10,4.47,NORMAL
BAJAJHLDNG,Mar 2024,3,55.01,NORMAL
BAJAJHLDNG,Mar 2024,5,31.61,NORMAL
BAJAJHLDNG,Mar 2024,10,14.94,NORMAL
BAJFINANCE,Mar 2018,3,33.21,NORMAL
BAJFINANCE,Mar 2019,3,36.31,NORMAL
BAJFINANCE,Mar 2020,3,38.3,NORMAL
BAJFINANCE,Mar 2020,5,37.37,NORMAL
BAJFINANCE,Mar 2021,3,27.91,NORMAL
BAJFINANCE,Mar 2021,5,29.59,NORMAL
BAJFINANCE,Mar 2022,3,19.62,NORMAL
BAJFINANCE,Mar 2022,5,25.98,NORMAL
BAJFINANCE,Mar 2023,3,16.23,NORMAL
BAJFINANCE,Mar 2023,5,26.58,NORMAL
BAJFINANCE,Mar 2024,3,27.26,NORMAL
BAJFINANCE,Mar 2024,5,24.35,NORMAL
BANKBARODA,Mar 2016,3,7.92,NORMAL
BANKBARODA,Mar 2017,3,3.2,NORMAL
BANKBARODA,Mar 2018,3,0.84,NORMAL
BANKBARODA,Mar 2018,5,4.79,NORMAL
BANKBARODA,Mar 2019,3,4.93,NORMAL
BANKBARODA,Mar 2019,5,5.51,NORMAL
BANKBARODA,Mar 2020,3,21.06,NORMAL
BANKBARODA,Mar 2020,5,11.93,NORMAL
BANKBARODA,Mar 2021,3,17.29,NORMAL
BANKBARODA,Mar 2021,5,10.16,NORMAL
BANKBARODA,Mar 2022,3,11.52,NORMAL
BANKBARODA,Mar 2022,5,10.54,NORMAL
BANKBARODA,Mar 2023,3,6.2,NORMAL
BANKBARODA,Mar 2023,5,15.46,NORMAL
BANKBARODA,Mar 2023,10,10.0,NORMAL
BANKBARODA,Mar 2024,3,16.79,NORMAL
BANKBARODA,Mar 2024,5,17.48,NORMAL
BANKBARODA,Mar 2024,10,11.33,NORMAL
BEL,Mar 2016,3,5.44,NORMAL
BEL,Mar 2017,3,9.92,NORMAL
BEL,Mar 2018,3,13.61,NORMAL
BEL,Mar 2018,5,10.64,NORMAL
BEL,Mar 2019,3,18.26,NORMAL
BEL,Mar 2019,5,13.29,NORMAL
BEL,Mar 2020,3,14.42,NORMAL
BEL,Mar 2020,5,12.83,NORMAL
BEL,Mar 2021,3,10.7,NORMAL
BEL,Mar 2021,5,13.92,NORMAL
BEL,Mar 2022,3,8.11,NORMAL
BEL,Mar 2022,5,12.17,NORMAL
BEL,Mar 2023,3,11.0,NORMAL
BEL,Mar 2023,5,11.26,NORMAL
BEL,Mar 2023,10,10.95,NORMAL
BEL,Mar 2024,3,12.83,NORMAL
BEL,Mar 2024,5,10.75,NORMAL
BEL,Mar 2024,10,12.01,NORMAL
BHARTIARTL,Mar 2016,3,7.85,NORMAL
BHARTIARTL,Mar 2017,3,3.6,NORMAL
BHARTIARTL,Mar 2018,3,-4.91,DECLINE
BHARTIARTL,Mar 2018,5,1.44,NORMAL
BHARTIARTL,Mar 2019,3,-5.77,DECLINE
BHARTIARTL,Mar 2019,5,-1.21,DECLINE
BHARTIARTL,Mar 2020,3,-2.85,DECLINE
BHARTIARTL,Mar 2020,5,-1.85,DECLINE
BHARTIARTL,Mar 2021,3,6.78,NORMAL
BHARTIARTL,Mar 2021,5,0.83,NORMAL
BHARTIARTL,Mar 2022,3,13.0,NORMAL
BHARTIARTL,Mar 2022,5,4.07,NORMAL
BHARTIARTL,Mar 2023,3,16.7,NORMAL
BHARTIARTL,Mar 2023,5,10.98,NORMAL
BHARTIARTL,Mar 2023,10,6.1,NORMAL
BHARTIARTL,Mar 2024,3,14.23,NORMAL
BHARTIARTL,Mar 2024,5,13.17,NORMAL
BHARTIARTL,Mar 2024,10,5.74,NORMAL
BHEL,Mar 2016,3,-19.51,DECLINE
BHEL,Mar 2017,3,-10.39,DECLINE
BHEL,Mar 2018,3,-2.73,DECLINE
BHEL,Mar 2018,5,-10.03,DECLINE
BHEL,Mar 2019,3,6.07,NORMAL
BHEL,Mar 2019,5,-5.11,DECLINE
BHEL,Mar 2020,3,-8.98,DECLINE
BHEL,Mar 2020,5,-7.28,DECLINE
BHEL,Mar 2021,3,-15.64,DECLINE
BHEL,Mar 2021,5,-7.46,DECLINE
BHEL,Mar 2022,3,-11.35,DECLINE
BHEL,Mar 2022,5,-5.71,DECLINE
BHEL,Mar 2023,3,2.87,NORMAL
BHEL,Mar 2023,5,-4.11,DECLINE
BHEL,Mar 2023,10,-7.12,DECLINE
BHEL,Mar 2024,3,11.34,NORMAL
BHEL,Mar 2024,5,-4.73,DECLINE
BHEL,Mar 2024,10,-4.92,DECLINE
BOSCHLTD,Mar 2015,3,11.76,NORMAL
BOSCHLTD,Mar 2016,3,3.47,NORMAL
BOSCHLTD,Mar 2017,5,3.8,NORMAL
BOSCHLTD,Mar 2018,3,-1.1,DECLINE
BOSCHLTD,Mar 2018,5,5.95,NORMAL
BOSCHLTD,Mar 2019,3,7.6,NORMAL
BOSCHLTD,Mar 2020,3,-1.93,DECLINE
BOSCHLTD,Mar 2020,5,-4.02,DECLINE
BOSCHLTD,Mar 2021,3,-5.97,DECLINE
BOSCHLTD,Mar 2021,5,0.04,NORMAL
BOSCHLTD,Mar 2022,3,-0.84,DECLINE
BOSCHLTD,Mar 2022,5,2.46,NORMAL
BOSCHLTD,Mar 2022,10,3.13,NORMAL
BOSCHLTD,Mar 2023,3,14.9,NORMAL
BOSCHLTD,Mar 2023,5,5.01,NORMAL
BOSCHLTD,Mar 2023,10,5.48,NORMAL
BOSCHLTD,Mar 2024,3,19.84,NORMAL
BOSCHLTD,Mar 2024,5,6.72,NORMAL
BPCL,Mar 2016,3,-8.13,DECLINE
BPCL,Mar 2017,3,-8.7,DECLINE
BPCL,Mar 2018,3,-0.93,DECLINE
BPCL,Mar 2018,5,-0.52,DECLINE
BPCL,Mar 2019,3,16.66,NORMAL
BPCL,Mar 2019,5,2.44,NORMAL
BPCL,Mar 2020,3,12.24,NORMAL
BPCL,Mar 2020,5,3.24,NORMAL
BPCL,Mar 2021,3,-0.82,DECLINE
BPCL,Mar 2021,5,4.15,NORMAL
BPCL,Mar 2022,3,5.16,NORMAL
BPCL,Mar 2022,5,11.5,NORMAL
BPCL,Mar 2023,3,18.47,NORMAL
BPCL,Mar 2023,5,14.94,NORMAL
BPCL,Mar 2023,10,6.93,NORMAL
BPCL,Mar 2024,3,24.86,NORMAL
BPCL,Mar 2024,5,8.48,NORMAL
BPCL,Mar 2024,10,5.42,NORMAL
BRITANNIA,Mar 2016,3,10.73,NORMAL
BRITANNIA,Mar 2017,3,9.41,NORMAL
BRITANNIA,Mar 2018,3,8.06,NORMAL
BRITANNIA,Mar 2018,5,9.9,NORMAL
BRITANNIA,Mar 2019,3,9.6,NORMAL
BRITANNIA,Mar 2019,5,9.84,NORMAL
BRITANNIA,Mar 2020,3,8.61,NORMAL
BRITANNIA,Mar 2020,5,8.1,NORMAL
BRITANNIA,Mar 2021,3,9.83,NORMAL
BRITANNIA,Mar 2021,5,9.36,NORMAL
BRITANNIA,Mar 2022,3,8.54,NORMAL
BRITANNIA,Mar 2022,5,9.32,NORMAL
BRITANNIA,Mar 2023,3,12.01,NORMAL
BRITANNIA,Mar 2023,5,10.46,NORMAL
BRITANNIA,Mar 2023,10,10.18,NORMAL
BRITANNIA,Mar 2024,3,8.48,NORMAL
BRITANNIA,Mar 2024,5,8.69,NORMAL
BRITANNIA,Mar 2024,10,9.27,NORMAL
CANBK,Mar 2016,3,8.93,NORMAL
CANBK,Mar 2017,3,1.56,NORMAL
CANBK,Mar 2018,3,-1.91,DECLINE
CANBK,Mar 2018,5,3.95,NORMAL
CANBK,Mar 2019,3,2.88,NORMAL
CANBK,Mar 2019,5,3.92,NORMAL
CANBK,Mar 2020,3,6.27,NORMAL
CANBK,Mar 2020,5,2.58,NORMAL
CANBK,Mar 2021,3,19.33,NORMAL
CANBK,Mar 2021,5,9.79,NORMAL
CANBK,Mar 2022,3,13.77,NORMAL
CANBK,Mar 2022,5,11.24,NORMAL
CANBK,Mar 2023,3,19.95,NORMAL
CANBK,Mar 2023,5,15.74,NORMAL
CANBK,Mar 2023,10,9.69,NORMAL
CANBK,Mar 2024,3,16.3,NORMAL
CANBK,Mar 2024,5,18.18,NORMAL
CANBK,Mar 2024,10,10.82,NORMAL
CHOLAFIN,Mar 2016,3,17.92,NORMAL
CHOLAFIN,Mar 2017,3,12.7,NORMAL
CHOLAFIN,Mar 2018,3,14.38,NORMAL
CHOLAFIN,Mar 2018,5,16.68,NORMAL
CHOLAFIN,Mar 2019,3,19.04,NORMAL
CHOLAFIN,Mar 2019,5,16.74,NORMAL
CHOLAFIN,Mar 2020,3,22.89,NORMAL
CHOLAFIN,Mar 2020,5,18.59,NORMAL
CHOLAFIN,Mar 2021,3,19.9,NORMAL
CHOLAFIN,Mar 2021,5,17.86,NORMAL
CHOLAFIN,Mar 2022,3,12.6,NORMAL
CHOLAFIN,Mar 2022,5,16.67,NORMAL
CHOLAFIN,Mar 2023,3,13.93,NORMAL
CHOLAFIN,Mar 2023,5,18.31,NORMAL
CHOLAFIN,Mar 2023,10,17.49,NORMAL
CHOLAFIN,Mar 2024,3,25.99,NORMAL
CHOLAFIN,Mar 2024,5,21.94,NORMAL
CHOLAFIN,Mar 2024,10,19.31,NORMAL
CIPLA,Mar 2016,3,18.54,NORMAL
CIPLA,Mar 2017,3,12.26,NORMAL
CIPLA,Mar 2018,3,10.14,NORMAL
CIPLA,Mar 2018,5,12.86,NORMAL
CIPLA,Mar 2019,3,5.87,NORMAL
CIPLA,Mar 2019,5,9.97,NORMAL
CIPLA,Mar 2020,3,5.98,NORMAL
CIPLA,Mar 2020,5,8.59,NORMAL
CIPLA,Mar 2021,3,8.13,NORMAL
CIPLA,Mar 2021,5,6.8,NORMAL
CIPLA,Mar 2022,3,9.98,NORMAL
CIPLA,Mar 2022,5,8.62,NORMAL
CIPLA,Mar 2023,3,9.92,NORMAL
CIPLA,Mar 2023,5,8.47,NORMAL
CIPLA,Mar 2023,10,10.64,NORMAL
CIPLA,Mar 2024,3,10.39,NORMAL
CIPLA,Mar 2024,5,9.51,NORMAL
CIPLA,Mar 2024,10,9.74,NORMAL
COALINDIA,Mar 2016,3,4.46,NORMAL
COALINDIA,Mar 2017,3,3.45,NORMAL
COALINDIA,Mar 2018,3,4.77,NORMAL
COALINDIA,Mar 2018,5,4.53,NORMAL
COALINDIA,Mar 2019,3,8.55,NORMAL
COALINDIA,Mar 2019,5,7.12,NORMAL
COALINDIA,Mar 2020,3,7.12,NORMAL
COALINDIA,Mar 2020,5,5.33,NORMAL
COALINDIA,Mar 2021,3,1.84,NORMAL
COALINDIA,Mar 2021,5,2.95,NORMAL
COALINDIA,Mar 2022,3,3.28,NORMAL
COALINDIA,Mar 2022,5,7.02,NORMAL
COALINDIA,Mar 2023,3,12.9,NORMAL
COALINDIA,Mar 2023,5,10.15,NORMAL
COALINDIA,Mar 2023,10,7.31,NORMAL
COALINDIA,Mar 2024,3,16.49,NORMAL
COALINDIA,Mar 2024,5,7.4,NORMAL
COALINDIA,Mar 2024,10,7.26,NORMAL
DABUR,Mar 2016,3,8.21,NORMAL
DABUR,Mar 2017,3,2.56,NORMAL
DABUR,Mar 2018,3,-0.31,DECLINE
DABUR,Mar 2018,5,4.69,NORMAL
DABUR,Mar 2019,3,3.05,NORMAL
DABUR,Mar 2019,5,3.82,NORMAL
DABUR,Mar 2020,3,4.48,NORMAL
DABUR,Mar 2020,5,2.19,NORMAL
DABUR,Mar 2021,3,7.38,NORMAL
DABUR,Mar 2021,5,4.21,NORMAL
DABUR,Mar 2022,3,8.54,NORMAL
DABUR,Mar 2022,5,7.42,NORMAL
DABUR,Mar 2023,3,9.91,NORMAL
DABUR,Mar 2023,5,8.35,NORMAL
DABUR,Mar 2023,10,6.5,NORMAL
DABUR,Mar 2024,3,9.06,NORMAL
DABUR,Mar 2024,5,7.81,NORMAL
DABUR,Mar 2024,10,5.8,NORMAL
DIVISLAB,Mar 2016,3,20.74,NORMAL
DIVISLAB,Mar 2017,3,17.08,NORMAL
DIVISLAB,Mar 2018,3,7.7,NORMAL
DIVISLAB,Mar 2018,5,12.65,NORMAL
DIVISLAB,Mar 2019,3,9.41,NORMAL
DIVISLAB,Mar 2019,5,14.33,NORMAL
DIVISLAB,Mar 2020,3,9.9,NORMAL
DIVISLAB,Mar 2020,5,11.61,NORMAL
DIVISLAB,Mar 2021,3,21.44,NORMAL
DIVISLAB,Mar 2021,5,13.04,NORMAL
DIVISLAB,Mar 2022,3,21.9,NORMAL
DIVISLAB,Mar 2022,5,17.13,NORMAL
DIVISLAB,Mar 2023,3,12.92,NORMAL
DIVISLAB,Mar 2023,5,14.83,NORMAL
DIVISLAB,Mar 2023,10,13.73,NORMAL
DIVISLAB,Mar 2024,3,4.03,NORMAL
DIVISLAB,Mar 2024,5,9.66,NORMAL
DIVISLAB,Mar 2024,10,11.97,NORMAL
DLF,Mar 2016,3,8.49,NORMAL
DLF,Mar 2017,3,-0.31,DECLINE
DLF,Mar 2018,3,-4.29,DECLINE
DLF,Mar 2018,5,-2.91,DECLINE
DLF,Mar 2019,3,-5.54,DECLINE
DLF,Mar 2019,5,0.16,NORMAL
DLF,Mar 2020,3,-9.55,DECLINE
DLF,Mar 2020,5,-4.48,DECLINE
DLF,Mar 2021,3,-6.89,DECLINE
DLF,Mar 2021,5,-11.42,DECLINE
DLF,Mar 2022,3,-11.92,DECLINE
DLF,Mar 2022,5,-7.01,DECLINE
DLF,Mar 2023,3,-2.17,DECLINE
DLF,Mar 2023,5,-3.22,DECLINE
DLF,Mar 2023,10,-3.06,DECLINE
DLF,Mar 2024,3,5.88,NORMAL
DLF,Mar 2024,5,-5.14,DECLINE
DLF,Mar 2024,10,-2.52,DECLINE
DMART,Mar 2016,3,36.96,NORMAL
DMART,Mar 2017,3,36.42,NORMAL
DMART,Mar 2018,3,32.66,NORMAL
DMART,Mar 2018,5,35.09,NORMAL
DMART,Mar 2019,3,32.58,NORMAL
DMART,Mar 2019,5,33.68,NORMAL
DMART,Mar 2020,3,27.86,NORMAL
DMART,Mar 2020,5,31.03,NORMAL
DMART,Mar 2021,3,17.11,NORMAL
DMART,Mar 2021,5,22.98,NORMAL
DMART,Mar 2022,3,15.69,NORMAL
DMART,Mar 2022,5,21.09,NORMAL
DMART,Mar 2023,3,19.87,NORMAL
DMART,Mar 2023,5,23.3,NORMAL
DMART,Mar 2023,10,29.06,NORMAL
DMART,Mar 2024,3,28.13,NORMAL
DMART,Mar 2024,5,20.48,NORMAL
DMART,Mar 2024,10,26.91,NORMAL
DRREDDY,Mar 2016,3,9.58,NORMAL
DRREDDY,Mar 2017,3,1.9,NORMAL
DRREDDY,Mar 2018,3,-1.67,DECLINE
DRREDDY,Mar 2018,5,3.83,NORMAL
DRREDDY,Mar 2019,3,-0.26,DECLINE
DRREDDY,Mar 2019,5,2.86,NORMAL
DRREDDY,Mar 2020,3,7.26,NORMAL
DRREDDY,Mar 2020,5,3.12,NORMAL
DRREDDY,Mar 2021,3,10.08,NORMAL
DRREDDY,Mar 2021,5,4.12,NORMAL
DRREDDY,Mar 2022,3,11.73,NORMAL
DRREDDY,Mar 2022,5,8.7,NORMAL
DRREDDY,Mar 2023,3,12.09,NORMAL
DRREDDY,Mar 2023,5,11.55,NORMAL
DRREDDY,Mar 2023,10,7.62,NORMAL
DRREDDY,Mar 2024,3,13.72,NORMAL
DRREDDY,Mar 2024,5,12.64,NORMAL
DRREDDY,Mar 2024,10,7.64,NORMAL
EICHERMOT,Mar 2016,3,-3.22,DECLINE
EICHERMOT,Mar 2017,3,-6.98,DECLINE
EICHERMOT,Mar 2017,5,1.94,NORMAL
EICHERMOT,Mar 2018,5,5.65,NORMAL
EICHERMOT,Mar 2019,3,16.64,NORMAL
EICHERMOT,Mar 2019,5,2.31,NORMAL
EICHERMOT,Mar 2020,3,9.18,NORMAL
EICHERMOT,Mar 2021,3,-0.92,DECLINE
EICHERMOT,Mar 2021,5,7.15,NORMAL
EICHERMOT,Mar 2022,3,1.68,NORMAL
EICHERMOT,Mar 2022,5,7.93,NORMAL
EICHERMOT,Mar 2022,10,4.89,NORMAL
EICHERMOT,Mar 2023,3,16.41,NORMAL
EICHERMOT,Mar 2023,5,10.01,NORMAL
EICHERMOT,Mar 2023,10,7.81,NORMAL
EICHERMOT,Mar 2024,3,23.78,NORMAL
EICHERMOT,Mar 2024,5,11.04,NORMAL
EICHERMOT,Mar 2024,10,6.59,NORMAL
GAIL,Mar 2016,3,0.7,NORMAL
GAIL,Mar 2017,3,-7.71,DECLINE
GAIL,Mar 2018,3,-3.45,DECLINE
GAIL,Mar 2018,5,1.35,NORMAL
GAIL,Mar 2019,3,13.54,NORMAL
GAIL,Mar 2019,5,4.29,NORMAL
GAIL,Mar 2020,3,14.31,NORMAL
GAIL,Mar 2020,5,3.67,NORMAL
GAIL,Mar 2021,3,1.73,NORMAL
GAIL,Mar 2021,5,1.96,NORMAL
GAIL,Mar 2022,3,6.78,NORMAL
GAIL,Mar 2022,5,13.83,NORMAL
GAIL,Mar 2023,3,26.17,NORMAL
GAIL,Mar 2023,5,21.73,NORMAL
GAIL,Mar 2023,10,11.07,NORMAL
GAIL,Mar 2024,3,32.42,NORMAL
GAIL,Mar 2024,5,11.83,NORMAL
GAIL,Mar 2024,10,7.99,NORMAL
GODREJCP,Mar 2016,3,9.52,NORMAL
GODREJCP,Mar 2017,3,6.84,NORMAL
GODREJCP,Mar 2018,3,5.98,NORMAL
GODREJCP,Mar 2018,5,8.96,NORMAL
GODREJCP,Mar 2019,3,6.98,NORMAL
GODREJCP,Mar 2019,5,6.3,NORMAL
GODREJCP,Mar 2020,3,2.26,NORMAL
GODREJCP,Mar 2020,5,3.68,NORMAL
GODREJCP,Mar 2021,3,3.85,NORMAL
GODREJCP,Mar 2021,5,5.54,NORMAL
GODREJCP,Mar 2022,3,5.98,NORMAL
GODREJCP,Mar 2022,5,5.78,NORMAL
GODREJCP,Mar 2023,3,10.34,NORMAL
GODREJCP,Mar 2023,5,6.22,NORMAL
GODREJCP,Mar 2023,10,7.58,NORMAL
GODREJCP,Mar 2024,3,8.52,NORMAL
GODREJCP,Mar 2024,5,6.45,NORMAL
GODREJCP,Mar 2024,10,6.37,NORMAL
GRASIM,Mar 2016,3,7.31,NORMAL
GRASIM,Mar 2017,3,8.38,NORMAL
GRASIM,Mar 2018,3,20.77,NORMAL
GRASIM,Mar 2018,5,14.9,NORMAL
GRASIM,Mar 2019,3,30.81,NORMAL
GRASIM,Mar 2019,5,22.2,NORMAL
GRASIM,Mar 2020,3,23.69,NORMAL
GRASIM,Mar 2020,5,16.55,NORMAL
GRASIM,Mar 2021,3,10.98,NORMAL
GRASIM,Mar 2021,5,17.24,NORMAL
GRASIM,Mar 2022,3,7.42,NORMAL
GRASIM,Mar 2022,5,21.55,NORMAL
GRASIM,Mar 2023,3,19.89,NORMAL
GRASIM,Mar 2023,5,16.05,NORMAL
GRASIM,Mar 2023,10,15.47,NORMAL
GRASIM,Mar 2024,3,19.68,NORMAL
GRASIM,Mar 2024,5,11.15,NORMAL
GRASIM,Mar 2024,10,16.54,NORMAL
HAL,Mar 2016,3,5.36,NORMAL
HAL,Mar 2017,3,5.85,NORMAL
HAL,Mar 2018,3,5.59,NORMAL
HAL,Mar 2018,5,5.27,NORMAL
HAL,Mar 2019,3,6.09,NORMAL
HAL,Mar 2019,5,5.74,NORMAL
HAL,Mar 2020,3,6.11,NORMAL
HAL,Mar 2020,5,6.39,NORMAL
HAL,Mar 2021,3,7.31,NORMAL
HAL,Mar 2021,5,6.43,NORMAL
HAL,Mar 2022,3,7.16,NORMAL
HAL,Mar 2022,5,6.52,NORMAL
HAL,Mar 2023,3,7.88,NORMAL
HAL,Mar 2023,5,7.77,NORMAL
HAL,Mar 2023,10,6.51,NORMAL
HAL,Mar 2024,3,9.91,NORMAL
HAL,Mar 2024,5,8.71,NORMAL
HAL,Mar 2024,10,7.22,NORMAL
HAVELLS,Mar 2016,3,2.1,NORMAL
HAVELLS,Mar 2017,3,-8.69,DECLINE
HAVELLS,Mar 2018,3,-1.41,DECLINE
HAVELLS,Mar 2018,5,2.61,NORMAL
HAVELLS,Mar 2019,3,9.87,NORMAL
HAVELLS,Mar 2019,5,4.58,NORMAL
HAVELLS,Mar 2020,3,15.48,NORMAL
HAVELLS,Mar 2020,5,2.2,NORMAL
HAVELLS,Mar 2021,3,8.81,NORMAL
HAVELLS,Mar 2021,5,6.61,NORMAL
HAVELLS,Mar 2022,3,11.43,NORMAL
HAVELLS,Mar 2022,5,17.85,NORMAL
HAVELLS,Mar 2023,3,21.45,NORMAL
HAVELLS,Mar 2023,5,15.82,NORMAL
HAVELLS,Mar 2023,10,9.01,NORMAL
HAVELLS,Mar 2024,3,21.14,NORMAL
HAVELLS,Mar 2024,5,13.04,NORMAL
HAVELLS,Mar 2024,10,8.73,NORMAL
HCLTECH,Mar 2016 9m,3,6.77,NORMAL
HCLTECH,Mar 2017,3,13.96,NORMAL
HCLTECH,Mar 2018,3,11.28,NORMAL
HCLTECH,Mar 2018,5,14.6,NORMAL
HCLTECH,Mar 2019,3,24.74,NORMAL
HCLTECH,Mar 2019,5,13.46,NORMAL
HCLTECH,Mar 2020,3,14.11,NORMAL
HCLTECH,Mar 2020,5,14.0,NORMAL
HCLTECH,Mar 2021,3,14.23,NORMAL
HCLTECH,Mar 2021,5,19.34,NORMAL
HCLTECH,Mar 2022,3,12.33,NORMAL
HCLTECH,Mar 2022,5,12.48,NORMAL
HCLTECH,Mar 2023,3,12.81,NORMAL
HCLTECH,Mar 2023,5,14.94,NORMAL
HCLTECH,Mar 2023,10,14.77,NORMAL
HCLTECH,Mar 2024,3,13.4,NORMAL
HCLTECH,Mar 2024,5,12.71,NORMAL
HCLTECH,Mar 2024,10,13.08,NORMAL
HDFCBANK,Mar 2016,3,20.77,NORMAL
HDFCBANK,Mar 2017,3,19.86,NORMAL
HDFCBANK,Mar 2018,3,18.96,NORMAL
HDFCBANK,Mar 2018,5,18.92,NORMAL
HDFCBANK,Mar 2019,3,18.52,NORMAL
HDFCBANK,Mar 2019,5,19.83,NORMAL
HDFCBANK,Mar 2020,3,18.59,NORMAL
HDFCBANK,Mar 2020,5,19.25,NORMAL
HDFCBANK,Mar 2021,3,14.66,NORMAL
HDFCBANK,Mar 2021,5,15.27,NORMAL
HDFCBANK,Mar 2022,3,8.93,NORMAL
HDFCBANK,Mar 2022,5,13.16,NORMAL
HDFCBANK,Mar 2023,3,11.8,NORMAL
HDFCBANK,Mar 2023,5,14.89,NORMAL
HDFCBANK,Mar 2023,10,16.89,NORMAL
HDFCBANK,Mar 2024,3,30.19,NORMAL
HDFCBANK,Mar 2024,5,21.95,NORMAL
HDFCBANK,Mar 2024,10,20.89,NORMAL
HDFCLIFE,Mar 2016,3,8.87,NORMAL
HDFCLIFE,Mar 2017,3,21.31,NORMAL
HDFCLIFE,Mar 2018,3,5.83,NORMAL
HDFCLIFE,Mar 2018,5,18.07,NORMAL
HDFCLIFE,Mar 2019,3,28.9,NORMAL
HDFCLIFE,Mar 2019,5,17.75,NORMAL
HDFCLIFE,Mar 2020,3,-1.4,DECLINE
HDFCLIFE,Mar 2020,5,1.54,NORMAL
HDFCLIFE,Mar 2021,3,30.4,NORMAL
HDFCLIFE,Mar 2021,5,31.57,NORMAL
HDFCLIFE,Mar 2022,3,19.99,NORMAL
HDFCLIFE,Mar 2022,5,16.98,NORMAL
HDFCLIFE,Mar 2023,3,33.69,NORMAL
HDFCLIFE,Mar 2023,5,16.83,NORMAL
HDFCLIFE,Mar 2023,10,17.45,NORMAL
HDFCLIFE,Mar 2024,3,12.37,NORMAL
HDFCLIFE,Mar 2024,5,21.17,NORMAL
HDFCLIFE,Mar 2024,10,19.45,NORMAL
HEROMOTOCO,Mar 2017,3,4.22,NORMAL
HEROMOTOCO,Mar 2018,3,5.63,NORMAL
HEROMOTOCO,Mar 2019,3,6.08,NORMAL
HEROMOTOCO,Mar 2019,5,6.09,NORMAL
HEROMOTOCO,Mar 2020,3,0.74,NORMAL
HEROMOTOCO,Mar 2020,5,1.22,NORMAL
HEROMOTOCO,Mar 2021,3,-1.56,DECLINE
HEROMOTOCO,Mar 2021,5,1.7,NORMAL
HEROMOTOCO,Mar 2022,3,-4.54,DECLINE
HEROMOTOCO,Mar 2022,5,0.65,NORMAL
HEROMOTOCO,Mar 2023,3,5.3,NORMAL
HEROMOTOCO,Mar 2023,5,1.03,NORMAL
HEROMOTOCO,Mar 2024,3,6.87,NORMAL
HEROMOTOCO,Mar 2024,5,2.15,NORMAL
HEROMOTOCO,Mar 2024,10,4.1,NORMAL
HINDALCO,Mar 2016,3,7.19,NORMAL
HINDALCO,Mar 2017,3,4.54,NORMAL
HINDALCO,Mar 2018,3,3.37,NORMAL
HINDALCO,Mar 2018,5,7.51,NORMAL
HINDALCO,Mar 2019,3,9.75,NORMAL
HINDALCO,Mar 2019,5,8.28,NORMAL
HINDALCO,Mar 2020,3,5.65,NORMAL
HINDALCO,Mar 2020,5,2.53,NORMAL
HINDALCO,Mar 2021,3,4.65,NORMAL
HINDALCO,Mar 2021,5,5.98,NORMAL
HINDALCO,Mar 2022,3,14.32,NORMAL
HINDALCO,Mar 2022,5,14.25,NORMAL
HINDALCO,Mar 2023,3,23.62,NORMAL
HINDALCO,Mar 2023,5,14.15,NORMAL
HINDALCO,Mar 2023,10,10.78,NORMAL
HINDALCO,Mar 2024,3,17.83,NORMAL
HINDALCO,Mar 2024,5,10.59,NORMAL
HINDALCO,Mar 2024,10,9.43,NORMAL
HINDUNILVR,Mar 2016,3,6.03,NORMAL
HINDUNILVR,Mar 2017,3,4.29,NORMAL
HINDUNILVR,Mar 2018,3,3.59,NORMAL
HINDUNILVR,Mar 2018,5,5.65,NORMAL
HINDUNILVR,Mar 2019,3,6.89,NORMAL
HINDUNILVR,Mar 2019,5,6.1,NORMAL
HINDUNILVR,Mar 2020,3,6.26,NORMAL
HINDUNILVR,Mar 2020,5,4.47,NORMAL
HINDUNILVR,Mar 2021,3,9.78,NORMAL
HINDUNILVR,Mar 2021,5,7.88,NORMAL
HINDUNILVR,Mar 2022,3,10.09,NORMAL
HINDUNILVR,Mar 2022,5,9.6,NORMAL
HINDUNILVR,Mar 2023,3,15.05,NORMAL
HINDUNILVR,Mar 2023,5,11.25,NORMAL
HINDUNILVR,Mar 2023,10,8.42,NORMAL
HINDUNILVR,Mar 2024,3,9.59,NORMAL
HINDUNILVR,Mar 2024,5,9.5,NORMAL
HINDUNILVR,Mar 2024,10,7.79,NORMAL
ICICIBANK,Mar 2016,3,9.72,NORMAL
ICICIBANK,Mar 2017,3,7.19,NORMAL
ICICIBANK,Mar 2018,3,4.19,NORMAL
ICICIBANK,Mar 2018,5,6.73,NORMAL
ICICIBANK,Mar 2019,3,6.68,NORMAL
ICICIBANK,Mar 2019,5,7.79,NORMAL
ICICIBANK,Mar 2020,3,11.66,NORMAL
ICICIBANK,Mar 2020,5,9.07,NORMAL
ICICIBANK,Mar 2021,3,12.78,NORMAL
ICICIBANK,Mar 2021,5,8.5,NORMAL
ICICIBANK,Mar 2022,3,9.85,NORMAL
ICICIBANK,Mar 2022,5,9.38,NORMAL
ICICIBANK,Mar 2023,3,12.59,NORMAL
ICICIBANK,Mar 2023,5,14.26,NORMAL
ICICIBANK,Mar 2023,10,10.43,NORMAL
ICICIBANK,Mar 2024,3,21.4,NORMAL
ICICIBANK,Mar 2024,5,17.25,NORMAL
ICICIBANK,Mar 2024,10,12.42,NORMAL
ICICIGI,Mar 2016,3,14.57,NORMAL
ICICIGI,Mar 2017,3,20.0,NORMAL
ICICIGI,Mar 2018,3,17.75,NORMAL
ICICIGI,Mar 2018,5,11.49,NORMAL
ICICIGI,Mar 2019,3,22.77,NORMAL
ICICIGI,Mar 2019,5,20.73,NORMAL
ICICIGI,Mar 2020,3,15.27,NORMAL
ICICIGI,Mar 2020,5,22.16,NORMAL
ICICIGI,Mar 2021,3,20.72,NORMAL
ICICIGI,Mar 2021,5,15.05,NORMAL
ICICIGI,Mar 2022,3,12.81,NORMAL
ICICIGI,Mar 2022,5,16.34,NORMAL
ICICIGI,Mar 2023,3,15.78,NORMAL
ICICIGI,Mar 2023,5,20.93,NORMAL
ICICIGI,Mar 2023,10,16.12,NORMAL
ICICIGI,Mar 2024,3,18.99,NORMAL
ICICIGI,Mar 2024,5,12.91,NORMAL
ICICIGI,Mar 2024,10,16.76,NORMAL
ICICIPRULI,Mar 2016,3,1.35,NORMAL
ICICIPRULI,Mar 2017,3,19.99,NORMAL
ICICIPRULI,Mar 2018,3,4.07,NORMAL
ICICIPRULI,Mar 2018,5,14.16,NORMAL
ICICIPRULI,Mar 2019,3,25.75,NORMAL
ICICIPRULI,Mar 2019,5,13.63,NORMAL
ICICIPRULI,Mar 2020,3,-17.77,DECLINE
ICICIPRULI,Mar 2020,5,-9.41,DECLINE
ICICIPRULI,Mar 2021,3,28.91,NORMAL
ICICIPRULI,Mar 2021,5,31.88,NORMAL
ICICIPRULI,Mar 2022,3,15.31,NORMAL
ICICIPRULI,Mar 2022,5,10.94,NORMAL
ICICIPRULI,Mar 2023,3,33.9,NORMAL
ICICIPRULI,Mar 2023,5,5.39,NORMAL
ICICIPRULI,Mar 2023,10,9.69,NORMAL
ICICIPRULI,Mar 2024,3,2.78,NORMAL
ICICIPRULI,Mar 2024,5,16.85,NORMAL
ICICIPRULI,Mar 2024,10,15.23,NORMAL
INDIGO,Mar 2016,3,20.59,NORMAL
INDIGO,Mar 2017,3,18.67,NORMAL
INDIGO,Mar 2018,3,18.24,NORMAL
INDIGO,Mar 2018,5,20.13,NORMAL
INDIGO,Mar 2019,3,20.86,NORMAL
INDIGO,Mar 2019,5,20.72,NORMAL
INDIGO,Mar 2020,3,24.38,NORMAL
INDIGO,Mar 2020,5,20.76,NORMAL
INDIGO,Mar 2021,3,-14.0,DECLINE
INDIGO,Mar 2021,5,-1.93,DECLINE
INDIGO,Mar 2022,3,-3.1,DECLINE
INDIGO,Mar 2022,5,6.89,NORMAL
INDIGO,Mar 2023,3,15.05,NORMAL
INDIGO,Mar 2023,5,18.79,NORMAL
INDIGO,Mar 2023,10,19.45,NORMAL
INDIGO,Mar 2024,3,67.58,NORMAL
INDIGO,Mar 2024,5,19.31,NORMAL
INDIGO,Mar 2024,10,20.01,NORMAL
INDUSINDBK,Mar 2016,3,19.35,NORMAL
INDUSINDBK,Mar 2017,3,20.4,NORMAL
INDUSINDBK,Mar 2018,3,21.26,NORMAL
INDUSINDBK,Mar 2018,5,19.87,NORMAL
INDUSINDBK,Mar 2019,3,23.31,NORMAL
INDUSINDBK,Mar 2019,5,21.95,NORMAL
INDUSINDBK,Mar 2020,3,25.95,NORMAL
INDUSINDBK,Mar 2020,5,24.32,NORMAL
INDUSINDBK,Mar 2021,3,18.83,NORMAL
INDUSINDBK,Mar 2021,5,19.56,NORMAL
INDUSINDBK,Mar 2022,3,11.46,NORMAL
INDUSINDBK,Mar 2022,5,16.43,NORMAL
INDUSINDBK,Mar 2023,3,8.11,NORMAL
INDUSINDBK,Mar 2023,5,16.05,NORMAL
INDUSINDBK,Mar 2023,10,17.94,NORMAL
INDUSINDBK,Mar 2024,3,16.41,NORMAL
INDUSINDBK,Mar 2024,5,15.5,NORMAL
INDUSINDBK,Mar 2024,10,18.68,NORMAL
INFY,Mar 2016,3,15.66,NORMAL
INFY,Mar 2017,3,10.96,NORMAL
INFY,Mar 2018,3,9.77,NORMAL
INFY,Mar 2018,5,11.81,NORMAL
INFY,Mar 2019,3,9.81,NORMAL
INFY,Mar 2019,5,10.52,NORMAL
INFY,Mar 2020,3,9.85,NORMAL
INFY,Mar 2020,5,11.23,NORMAL
INFY,Mar 2021,3,12.52,NORMAL
INFY,Mar 2021,5,9.98,NORMAL
INFY,Mar 2022,3,13.74,NORMAL
INFY,Mar 2022,5,12.18,NORMAL
INFY,Mar 2023,3,17.36,NORMAL
INFY,Mar 2023,5,15.79,NORMAL
INFY,Mar 2023,10,13.78,NORMAL
INFY,Mar 2024,3,15.22,NORMAL
INFY,Mar 2024,5,13.2,NORMAL
INFY,Mar 2024,10,11.85,NORMAL
IOC,Mar 2016,3,-9.17,DECLINE
IOC,Mar 2017,3,-10.05,DECLINE
IOC,Mar 2018,3,-2.12,DECLINE
IOC,Mar 2018,5,-1.81,DECLINE
IOC,Mar 2019,3,15.14,NORMAL
IOC,Mar 2019,5,1.58,NORMAL
IOC,Mar 2020,3,10.83,NORMAL
IOC,Mar 2020,5,1.48,NORMAL
IOC,Mar 2021,3,-4.78,DECLINE
IOC,Mar 2021,5,1.01,NORMAL
IOC,Mar 2022,3,3.72,NORMAL
IOC,Mar 2022,5,10.65,NORMAL
IOC,Mar 2023,3,20.28,NORMAL
IOC,Mar 2023,5,14.84,NORMAL
IOC,Mar 2023,10,6.19,NORMAL
IOC,Mar 2024,3,28.73,NORMAL
IOC,Mar 2024,5,8.01,NORMAL
IOC,Mar 2024,10,4.74,NORMAL
IRCTC,Mar 2018,3,11.45,NORMAL
IRCTC,Mar 2019,3,11.01,NORMAL
IRCTC,Mar 2020,3,14.2,NORMAL
IRCTC,Mar 2020,5,16.41,NORMAL
IRCTC,Mar 2021,3,-19.07,DECLINE
IRCTC,Mar 2021,5,-10.68,DECLINE
IRCTC,Mar 2022,3,0.16,NORMAL
IRCTC,Mar 2022,5,4.33,NORMAL
IRCTC,Mar 2023,3,16.08,NORMAL
IRCTC,Mar 2023,5,19.29,NORMAL
IRCTC,Mar 2024,3,76.47,NORMAL
IRCTC,Mar 2024,5,17.96,NORMAL
IRFC,Mar 2016,3,10.59,NORMAL
IRFC,Mar 2017,3,13.44,NORMAL
IRFC,Mar 2018,3,10.12,NORMAL
IRFC,Mar 2018,5,10.8,NORMAL
IRFC,Mar 2019,3,14.04,NORMAL
IRFC,Mar 2019,5,12.43,NORMAL
IRFC,Mar 2020,3,14.05,NORMAL
IRFC,Mar 2020,5,14.1,NORMAL
IRFC,Mar 2021,3,19.39,NORMAL
IRFC,Mar 2021,5,16.01,NORMAL
IRFC,Mar 2022,3,22.16,NORMAL
IRFC,Mar 2022,5,17.54,NORMAL
IRFC,Mar 2023,3,20.91,NORMAL
IRFC,Mar 2023,5,20.68,NORMAL
IRFC,Mar 2023,10,15.63,NORMAL
IRFC,Mar 2024,3,19.1,NORMAL
IRFC,Mar 2024,5,19.07,NORMAL
IRFC,Mar 2024,10,15.7,NORMAL
ITC,Mar 2016,3,7.42,NORMAL
ITC,Mar 2017,3,6.6,NORMAL
ITC,Mar 2018,3,3.83,NORMAL
ITC,Mar 2018,5,6.56,NORMAL
ITC,Mar 2019,3,7.24,NORMAL
ITC,Mar 2019,5,6.49,NORMAL
ITC,Mar 2020,3,4.91,NORMAL
ITC,Mar 2020,5,4.93,NORMAL
ITC,Mar 2021,3,4.27,NORMAL
ITC,Mar 2021,5,4.68,NORMAL
ITC,Mar 2022,3,7.85,NORMAL
ITC,Mar 2022,5,7.23,NORMAL
ITC,Mar 2023,3,12.82,NORMAL
ITC,Mar 2023,5,10.3,NORMAL
ITC,Mar 2023,10,8.41,NORMAL
ITC,Mar 2024,3,12.89,NORMAL
ITC,Mar 2024,5,7.95,NORMAL
ITC,Mar 2024,10,7.22,NORMAL
JINDALSTEL,Mar 2016,3,-0.57,DECLINE
JINDALSTEL,Mar 2017,3,3.85,NORMAL
JINDALSTEL,Mar 2018,3,19.71,NORMAL
JINDALSTEL,Mar 2018,5,10.94,NORMAL
JINDALSTEL,Mar 2019,3,34.12,NORMAL
JINDALSTEL,Mar 2019,5,19.48,NORMAL
JINDALSTEL,Mar 2020,3,20.63,NORMAL
JINDALSTEL,Mar 2020,5,14.34,NORMAL
JINDALSTEL,Mar 2021,3,1.28,NORMAL
JINDALSTEL,Mar 2021,5,12.17,NORMAL
JINDALSTEL,Mar 2022,3,2.9,NORMAL
JINDALSTEL,Mar 2022,5,18.82,NORMAL
JINDALSTEL,Mar 2023,3,11.95,NORMAL
JINDALSTEL,Mar 2023,5,9.84,NORMAL
JINDALSTEL,Mar 2023,10,10.39,NORMAL
JINDALSTEL,Mar 2024,3,13.35,NORMAL
JINDALSTEL,Mar 2024,5,1.4,NORMAL
JINDALSTEL,Mar 2024,10,10.07,NORMAL
JSWENERGY,Mar 2016,3,3.46,NORMAL
JSWENERGY,Mar 2017,3,-1.51,DECLINE
JSWENERGY,Mar 2018,3,-4.86,DECLINE
JSWENERGY,Mar 2018,5,-1.92,DECLINE
JSWENERGY,Mar 2019,3,-2.38,DECLINE
JSWENERGY,Mar 2019,5,1.11,NORMAL
JSWENERGY,Mar 2020,3,0.04,NORMAL
JSWENERGY,Mar 2020,5,-2.41,DECLINE
JSWENERGY,Mar 2021,3,-4.9,DECLINE
JSWENERGY,Mar 2021,5,-6.76,DECLINE
JSWENERGY,Mar 2022,3,-3.68,DECLINE
JSWENERGY,Mar 2022,5,-0.23,DECLINE
JSWENERGY,Mar 2023,3,7.69,NORMAL
JSWENERGY,Mar 2023,5,5.12,NORMAL
JSWENERGY,Mar 2023,10,1.54,NORMAL
JSWENERGY,Mar 2024,3,18.39,NORMAL
JSWENERGY,Mar 2024,5,4.68,NORMAL
JSWENERGY,Mar 2024,10,2.88,NORMAL
JSWSTEEL,Mar 2016,3,2.83,NORMAL
JSWSTEEL,Mar 2017,3,2.78,NORMAL
JSWSTEEL,Mar 2018,3,10.74,NORMAL
JSWSTEEL,Mar 2018,5,13.49,NORMAL
JSWSTEEL,Mar 2019,3,26.83,NORMAL
JSWSTEEL,Mar 2019,5,10.6,NORMAL
JSWSTEEL,Mar 2020,3,9.66,NORMAL
JSWSTEEL,Mar 2020,5,6.72,NORMAL
JSWSTEEL,Mar 2021,3,3.54,NORMAL
JSWSTEEL,Mar 2021,5,13.96,NORMAL
JSWSTEEL,Mar 2022,3,19.98,NORMAL
JSWSTEEL,Mar 2022,5,21.36,NORMAL
JSWSTEEL,Mar 2023,3,31.3,NORMAL
JSWSTEEL,Mar 2023,5,18.2,NORMAL
JSWSTEEL,Mar 2023,10,15.82,NORMAL
JSWSTEEL,Mar 2024,3,29.9,NORMAL
JSWSTEEL,Mar 2024,5,15.6,NORMAL
JSWSTEEL,Mar 2024,10,13.07,NORMAL
KOTAKBANK,Mar 2016,3,23.47,NORMAL
KOTAKBANK,Mar 2017,3,23.04,NORMAL
KOTAKBANK,Mar 2018,3,23.57,NORMAL
KOTAKBANK,Mar 2018,5,18.32,NORMAL
KOTAKBANK,Mar 2019,3,13.5,NORMAL
KOTAKBANK,Mar 2019,5,20.0,NORMAL
KOTAKBANK,Mar 2020,3,14.46,NORMAL
KOTAKBANK,Mar 2020,5,20.24,NORMAL
KOTAKBANK,Mar 2021,3,9.31,NORMAL
KOTAKBANK,Mar 2021,5,9.97,NORMAL
KOTAKBANK,Mar 2022,3,4.19,NORMAL
KOTAKBANK,Mar 2022,5,8.61,NORMAL
KOTAKBANK,Mar 2023,3,7.99,NORMAL
KOTAKBANK,Mar 2023,5,10.9,NORMAL
KOTAKBANK,Mar 2023,10,14.55,NORMAL
KOTAKBANK,Mar 2024,3,19.66,NORMAL
KOTAKBANK,Mar 2024,5,13.52,NORMAL
KOTAKBANK,Mar 2024,10,16.72,NORMAL
LICI,Mar 2022,3,8.18,NORMAL
LICI,Mar 2023,3,7.7,NORMAL
LICI,Mar 2024,3,6.98,NORMAL
LICI,Mar 2024,5,8.16,NORMAL
LODHA,Mar 2015,3,28.28,NORMAL
LODHA,Mar 2016,5,30.58,NORMAL
LODHA,Mar 2017,5,21.82,NORMAL
LODHA,Mar 2018,3,15.77,NORMAL
LODHA,Mar 2019,3,13.01,NORMAL
LODHA,Mar 2020,3,16.22,NORMAL
LODHA,Mar 2020,5,14.82,NORMAL
LODHA,Mar 2021,3,-17.42,DECLINE
LODHA,Mar 2021,5,-7.96,DECLINE
LODHA,Mar 2021,10,9.63,NORMAL
LODHA,Mar 2022,3,-8.13,DECLINE
LODHA,Mar 2022,5,3.1,NORMAL
LODHA,Mar 2022,10,12.07,NORMAL
LODHA,Mar 2023,3,-8.7,DECLINE
LODHA,Mar 2023,5,-0.43,DECLINE
LODHA,Mar 2024,3,23.71,NORMAL
LODHA,Mar 2024,5,-2.83,DECLINE
LT,Mar 2016,3,10.76,NORMAL
LT,Mar 2017,3,8.72,NORMAL
LT,Mar 2018,3,9.19,NORMAL
LT,Mar 2018,5,9.97,NORMAL
LT,Mar 2019,3,10.17,NORMAL
LT,Mar 2019,5,9.72,NORMAL
LT,Mar 2020,3,9.99,NORMAL
LT,Mar 2020,5,9.61,NORMAL
LT,Mar 2021,3,4.35,NORMAL
LT,Mar 2021,5,6.1,NORMAL
LT,Mar 2022,3,5.0,NORMAL
LT,Mar 2022,5,7.44,NORMAL
LT,Mar 2023,3,8.02,NORMAL
LT,Mar 2023,5,8.9,NORMAL
LT,Mar 2023,10,9.43,NORMAL
LT,Mar 2024,3,17.59,NORMAL
LT,Mar 2024,5,10.34,NORMAL
LT,Mar 2024,10,10.03,NORMAL
LTIM,Mar 2016,3,14.93,NORMAL
LTIM,Mar 2017,3,9.73,NORMAL
LTIM,Mar 2018,3,13.64,NORMAL
LTIM,Mar 2018,5,13.66,NORMAL
LTIM,Mar 2019,3,17.34,NORMAL
LTIM,Mar 2019,5,13.93,NORMAL
LTIM,Mar 2020,3,18.72,NORMAL
LTIM,Mar 2020,5,16.92,NORMAL
LTIM,Mar 2021,3,19.19,NORMAL
LTIM,Mar 2021,5,16.17,NORMAL
LTIM,Mar 2022,3,40.34,NORMAL
LTIM,Mar 2022,5,32.06,NORMAL
LTIM,Mar 2023,3,45.02,NORMAL
LTIM,Mar 2023,5,35.35,NORMAL
LTIM,Mar 2023,10,24.03,NORMAL
LTIM,Mar 2024,3,42.13,NORMAL
LTIM,Mar 2024,5,30.33,NORMAL
LTIM,Mar 2024,10,21.86,NORMAL
M&M,Mar 2016,3,3.35,NORMAL
M&M,Mar 2017,3,4.22,NORMAL
M&M,Mar 2018,3,8.83,NORMAL
M&M,Mar 2018,5,6.04,NORMAL
M&M,Mar 2019,3,11.36,NORMAL
M&M,Mar 2019,5,7.19,NORMAL
M&M,Mar 2020,3,-3.46,DECLINE
M&M,Mar 2020,5,1.08,NORMAL
M&M,Mar 2021,3,-6.92,DECLINE
M&M,Mar 2021,5,-0.42,DECLINE
M&M,Mar 2022,3,-4.86,DECLINE
M&M,Mar 2022,5,1.48,NORMAL
M&M,Mar 2023,3,17.17,NORMAL
M&M,Mar 2023,5,5.66,NORMAL
M&M,Mar 2023,10,5.85,NORMAL
M&M,Mar 2024,3,23.25,NORMAL
M&M,Mar 2024,5,5.84,NORMAL
M&M,Mar 2024,10,6.51,NORMAL
MARUTI,Mar 2016,3,9.14,NORMAL
MARUTI,Mar 2017,3,15.19,NORMAL
MARUTI,Mar 2018,3,16.25,NORMAL
MARUTI,Mar 2018,5,12.49,NORMAL
MARUTI,Mar 2019,3,14.33,NORMAL
MARUTI,Mar 2019,5,14.08,NORMAL
MARUTI,Mar 2020,3,3.58,NORMAL
MARUTI,Mar 2020,5,8.29,NORMAL
MARUTI,Mar 2021,3,-4.11,DECLINE
MARUTI,Mar 2021,5,4.09,NORMAL
MARUTI,Mar 2022,3,0.87,NORMAL
MARUTI,Mar 2022,5,5.34,NORMAL
MARUTI,Mar 2023,3,16.1,NORMAL
MARUTI,Mar 2023,5,8.21,NORMAL
MARUTI,Mar 2023,10,10.33,NORMAL
MARUTI,Mar 2024,3,26.32,NORMAL
MARUTI,Mar 2024,5,10.51,NORMAL
MARUTI,Mar 2024,10,12.28,NORMAL
MOTHERSON,Mar 2016,3,13.73,NORMAL
MOTHERSON,Mar 2017,3,11.69,NORMAL
MOTHERSON,Mar 2018,3,17.55,NORMAL
MOTHERSON,Mar 2018,5,17.35,NORMAL
MOTHERSON,Mar 2019,3,19.51,NORMAL
MOTHERSON,Mar 2019,5,15.87,NORMAL
MOTHERSON,Mar 2020,3,12.74,NORMAL
MOTHERSON,Mar 2020,5,11.87,NORMAL
MOTHERSON,Mar 2021,3,0.63,NORMAL
MOTHERSON,Mar 2021,5,9.04,NORMAL
MOTHERSON,Mar 2022,3,0.13,NORMAL
MOTHERSON,Mar 2022,5,8.52,NORMAL
MOTHERSON,Mar 2023,3,9.07,NORMAL
MOTHERSON,Mar 2023,5,6.95,NORMAL
MOTHERSON,Mar 2023,10,12.03,NORMAL
MOTHERSON,Mar 2024,3,19.82,NORMAL
MOTHERSON,Mar 2024,5,9.21,NORMAL
MOTHERSON,Mar 2024,10,12.49,NORMAL
NAUKRI,Mar 2016,3,16.59,NORMAL
NAUKRI,Mar 2017,3,16.13,NORMAL
NAUKRI,Mar 2018,3,10.51,NORMAL
NAUKRI,Mar 2018,5,15.92,NORMAL
NAUKRI,Mar 2019,3,15.45,NORMAL
NAUKRI,Mar 2019,5,15.21,NORMAL
NAUKRI,Mar 2020,3,13.9,NORMAL
NAUKRI,Mar 2020,5,12.38,NORMAL
NAUKRI,Mar 2021,3,4.52,NORMAL
NAUKRI,Mar 2021,5,8.56,NORMAL
NAUKRI,Mar 2022,3,11.35,NORMAL
NAUKRI,Mar 2022,5,12.34,NORMAL
NAUKRI,Mar 2023,3,21.38,NORMAL
NAUKRI,Mar 2023,5,18.88,NORMAL
NAUKRI,Mar 2023,10,17.39,NORMAL
NAUKRI,Mar 2024,3,31.0,NORMAL
NAUKRI,Mar 2024,5,17.12,NORMAL
NAUKRI,Mar 2024,10,16.16,NORMAL
NESTLEIND,Dec 2016,3,0.15,NORMAL
NESTLEIND,Dec 2017,3,0.52,NORMAL
NESTLEIND,Dec 2018,3,11.37,NORMAL
NESTLEIND,Dec 2018,5,4.41,NORMAL
NESTLEIND,Dec 2019,3,10.61,NORMAL
NESTLEIND,Dec 2019,5,4.65,NORMAL
NESTLEIND,Dec 2020,3,10.07,NORMAL
NESTLEIND,Dec 2020,5,10.31,NORMAL
NESTLEIND,Dec 2021,3,9.29,NORMAL
NESTLEIND,Dec 2021,5,10.03,NORMAL
NESTLEIND,Dec 2022,3,10.96,NORMAL
NESTLEIND,Dec 2022,5,11.04,NORMAL
NESTLEIND,Dec 2023,3,12.73,NORMAL
NESTLEIND,Dec 2023,5,11.11,NORMAL
NESTLEIND,Dec 2023,10,7.71,NORMAL
NESTLEIND,Mar 2024,3,18.28,NORMAL
NESTLEIND,Mar 2024,5,14.55,NORMAL
NESTLEIND,Mar 2024,10,9.49,NORMAL
NHPC,Mar 2016,3,9.4,NORMAL
NHPC,Mar 2017,3,5.28,NORMAL
NHPC,Mar 2018,3,-1.93,DECLINE
NHPC,Mar 2018,5,3.98,NORMAL
NHPC,Mar 2019,3,2.45,NORMAL
NHPC,Mar 2019,5,3.98,NORMAL
NHPC,Mar 2020,3,5.09,NORMAL
NHPC,Mar 2020,5,4.01,NORMAL
NHPC,Mar 2021,3,7.55,NORMAL
NHPC,Mar 2021,5,2.92,NORMAL
NHPC,Mar 2022,3,0.59,NORMAL
NHPC,Mar 2022,5,1.18,NORMAL
NHPC,Mar 2023,3,1.96,NORMAL
NHPC,Mar 2023,5,6.46,NORMAL
NHPC,Mar 2023,10,5.21,NORMAL
NHPC,Mar 2024,3,-0.06,DECLINE
NHPC,Mar 2024,5,1.4,NORMAL
NHPC,Mar 2024,10,2.69,NORMAL
NTPC,Mar 2016,3,0.87,NORMAL
NTPC,Mar 2017,3,1.56,NORMAL
NTPC,Mar 2018,3,3.28,NORMAL
NTPC,Mar 2018,5,4.25,NORMAL
NTPC,Mar 2019,3,10.97,NORMAL
NTPC,Mar 2019,5,5.07,NORMAL
NTPC,Mar 2020,3,10.09,NORMAL
NTPC,Mar 2020,5,6.48,NORMAL
NTPC,Mar 2021,3,8.19,NORMAL
NTPC,Mar 2021,5,8.73,NORMAL
NTPC,Mar 2022,3,9.78,NORMAL
NTPC,Mar 2022,5,10.09,NORMAL
NTPC,Mar 2023,3,17.2,NORMAL
NTPC,Mar 2023,5,14.88,NORMAL
NTPC,Mar 2023,10,9.44,NORMAL
NTPC,Mar 2024,3,16.97,NORMAL
NTPC,Mar 2024,5,12.22,NORMAL
NTPC,Mar 2024,10,8.59,NORMAL
ONGC,Mar 2016,3,-8.51,DECLINE
ONGC,Mar 2017,3,17.51,NORMAL
ONGC,Mar 2018,3,26.1,NORMAL
ONGC,Mar 2018,5,14.78,NORMAL
ONGC,Mar 2019,3,50.36,NORMAL
ONGC,Mar 2019,5,19.35,NORMAL
ONGC,Mar 2020,3,11.98,NORMAL
ONGC,Mar 2020,5,19.78,NORMAL
ONGC,Mar 2021,3,-1.99,DECLINE
ONGC,Mar 2021,5,19.63,NORMAL
ONGC,Mar 2022,3,5.23,NORMAL
ONGC,Mar 2022,5,11.7,NORMAL
ONGC,Mar 2023,3,16.81,NORMAL
ONGC,Mar 2023,5,14.4,NORMAL
ONGC,Mar 2023,10,14.59,NORMAL
ONGC,Mar 2024,3,24.86,NORMAL
ONGC,Mar 2024,5,7.0,NORMAL
ONGC,Mar 2024,10,13.01,NORMAL
PFC,Mar 2016,3,17.18,NORMAL
PFC,Mar 2017,3,8.81,NORMAL
PFC,Mar 2018,3,24.85,NORMAL
PFC,Mar 2018,5,22.94,NORMAL
PFC,Mar 2019,3,24.76,NORMAL
PFC,Mar 2019,5,20.38,NORMAL
PFC,Mar 2020,3,31.13,NORMAL
PFC,Mar 2020,5,20.0,NORMAL
PFC,Mar 2021,3,13.8,NORMAL
PFC,Mar 2021,5,20.8,NORMAL
PFC,Mar 2022,3,12.12,NORMAL
PFC,Mar 2022,5,22.56,NORMAL
PFC,Mar 2023,3,7.7,NORMAL
PFC,Mar 2023,5,9.82,NORMAL
PFC,Mar 2023,10,16.2,NORMAL
PFC,Mar 2024,3,8.49,NORMAL
PFC,Mar 2024,5,11.08,NORMAL
PFC,Mar 2024,10,15.64,NORMAL
PIDILITIND,Mar 2016,3,13.38,NORMAL
PIDILITIND,Mar 2017,3,9.46,NORMAL
PIDILITIND,Mar 2018,3,7.86,NORMAL
PIDILITIND,Mar 2018,5,10.57,NORMAL
PIDILITIND,Mar 2019,3,9.7,NORMAL
PIDILITIND,Mar 2019,5,10.57,NORMAL
PIDILITIND,Mar 2020,3,9.1,NORMAL
PIDILITIND,Mar 2020,5,8.53,NORMAL
PIDILITIND,Mar 2021,3,6.26,NORMAL
PIDILITIND,Mar 2021,5,6.35,NORMAL
PIDILITIND,Mar 2022,3,11.91,NORMAL
PIDILITIND,Mar 2022,5,12.05,NORMAL
PIDILITIND,Mar 2023,3,17.39,NORMAL
PIDILITIND,Mar 2023,5,14.19,NORMAL
PIDILITIND,Mar 2023,10,12.36,NORMAL
PIDILITIND,Mar 2024,3,19.3,NORMAL
PIDILITIND,Mar 2024,5,11.84,NORMAL
PIDILITIND,Mar 2024,10,11.2,NORMAL
PNB,Mar 2016,3,5.66,NORMAL
PNB,Mar 2017,3,2.25,NORMAL
PNB,Mar 2018,3,0.01,NORMAL
PNB,Mar 2018,5,2.5,NORMAL
PNB,Mar 2019,3,0.87,NORMAL
PNB,Mar 2019,5,3.01,NORMAL
PNB,Mar 2020,3,4.55,NORMAL
PNB,Mar 2020,5,2.43,NORMAL
PNB,Mar 2021,3,18.92,NORMAL
PNB,Mar 2021,5,10.03,NORMAL
PNB,Mar 2022,3,13.5,NORMAL
PNB,Mar 2022,5,9.67,NORMAL
PNB,Mar 2023,3,16.5,NORMAL
PNB,Mar 2023,5,12.25,NORMAL
PNB,Mar 2023,10,7.26,NORMAL
PNB,Mar 2024,3,10.0,NORMAL
PNB,Mar 2024,5,15.9,NORMAL
PNB,Mar 2024,10,9.27,NORMAL
POWERGRID,Mar 2016,3,16.44,NORMAL
POWERGRID,Mar 2017,3,18.21,NORMAL
POWERGRID,Mar 2018,3,19.53,NORMAL
POWERGRID,Mar 2018,5,18.02,NORMAL
POWERGRID,Mar 2019,3,19.29,NORMAL
POWERGRID,Mar 2019,5,17.65,NORMAL
POWERGRID,Mar 2020,3,13.67,NORMAL
POWERGRID,Mar 2020,5,16.56,NORMAL
POWERGRID,Mar 2021,3,9.79,NORMAL
POWERGRID,Mar 2021,5,13.93,NORMAL
POWERGRID,Mar 2022,3,5.89,NORMAL
POWERGRID,Mar 2022,5,10.13,NORMAL
POWERGRID,Mar 2023,3,6.51,NORMAL
POWERGRID,Mar 2023,5,8.77,NORMAL
POWERGRID,Mar 2023,10,13.3,NORMAL
POWERGRID,Mar 2024,3,4.97,NORMAL
POWERGRID,Mar 2024,5,5.51,NORMAL
POWERGRID,Mar 2024,10,11.41,NORMAL
RECLTD,Mar 2016,3,20.95,NORMAL
RECLTD,Mar 2017,3,12.22,NORMAL
RECLTD,Mar 2018,3,3.32,NORMAL
RECLTD,Mar 2018,5,10.69,NORMAL
RECLTD,Mar 2019,3,1.74,NORMAL
RECLTD,Mar 2019,5,8.09,NORMAL
RECLTD,Mar 2020,3,7.15,NORMAL
RECLTD,Mar 2020,5,7.82,NORMAL
RECLTD,Mar 2021,3,16.21,NORMAL
RECLTD,Mar 2021,5,8.07,NORMAL
RECLTD,Mar 2022,3,15.63,NORMAL
RECLTD,Mar 2022,5,10.04,NORMAL
RECLTD,Mar 2023,3,9.66,NORMAL
RECLTD,Mar 2023,5,11.75,NORMAL
RECLTD,Mar 2023,10,11.22,NORMAL
RECLTD,Mar 2024,3,10.15,NORMAL
RECLTD,Mar 2024,5,13.34,NORMAL
RECLTD,Mar 2024,10,10.68,NORMAL
RELIANCE,Mar 2016,3,-11.7,DECLINE
RELIANCE,Mar 2017,3,-11.16,DECLINE
RELIANCE,Mar 2018,3,1.44,NORMAL
RELIANCE,Mar 2018,5,-0.26,DECLINE
RELIANCE,Mar 2019,3,27.75,NORMAL
RELIANCE,Mar 2019,5,5.56,NORMAL
RELIANCE,Mar 2020,3,25.21,NORMAL
RELIANCE,Mar 2020,5,9.77,NORMAL
RELIANCE,Mar 2021,3,6.06,NORMAL
RELIANCE,Mar 2021,5,11.34,NORMAL
RELIANCE,Mar 2022,3,6.92,NORMAL
RELIANCE,Mar 2022,5,17.98,NORMAL
RELIANCE,Mar 2023,3,13.67,NORMAL
RELIANCE,Mar 2023,5,17.53,NORMAL
RELIANCE,Mar 2023,10,8.27,NORMAL
RELIANCE,Mar 2024,3,24.46,NORMAL
RELIANCE,Mar 2024,5,9.61,NORMAL
RELIANCE,Mar 2024,10,7.57,NORMAL
SBILIFE,Mar 2016,3,9.13,NORMAL
SBILIFE,Mar 2017,3,20.97,NORMAL
SBILIFE,Mar 2018,3,13.34,NORMAL
SBILIFE,Mar 2018,5,18.03,NORMAL
SBILIFE,Mar 2019,3,32.16,NORMAL
SBILIFE,Mar 2019,5,20.91,NORMAL
SBILIFE,Mar 2020,3,12.76,NORMAL
SBILIFE,Mar 2020,5,13.36,NORMAL
SBILIFE,Mar 2021,3,33.97,NORMAL
SBILIFE,Mar 2021,5,33.49,NORMAL
SBILIFE,Mar 2022,3,22.99,NORMAL
SBILIFE,Mar 2022,5,22.12,NORMAL
SBILIFE,Mar 2023,3,22.56,NORMAL
SBILIFE,Mar 2023,5,18.81,NORMAL
SBILIFE,Mar 2023,10,18.42,NORMAL
SBILIFE,Mar 2024,3,17.24,NORMAL
SBILIFE,Mar 2024,5,24.23,NORMAL
SBILIFE,Mar 2024,10,22.56,NORMAL
SBIN,Mar 2016,3,9.52,NORMAL
SBIN,Mar 2017,3,6.82,NORMAL
SBIN,Mar 2018,3,3.26,NORMAL
SBIN,Mar 2018,5,6.39,NORMAL
SBIN,Mar 2019,3,4.71,NORMAL
SBIN,Mar 2019,5,6.03,NORMAL
SBIN,Mar 2020,3,5.4,NORMAL
SBIN,Mar 2020,5,5.35,NORMAL
SBIN,Mar 2021,3,6.7,NORMAL
SBIN,Mar 2021,5,4.74,NORMAL
SBIN,Mar 2022,3,4.61,NORMAL
SBIN,Mar 2022,5,4.7,NORMAL
SBIN,Mar 2023,3,9.14,NORMAL
SBIN,Mar 2023,5,8.91,NORMAL
SBIN,Mar 2023,10,7.64,NORMAL
SBIN,Mar 2024,3,16.45,NORMAL
SBIN,Mar 2024,5,11.63,NORMAL
SBIN,Mar 2024,10,8.79,NORMAL
SHREECEM,Mar 2016 9m,3,0.59,NORMAL
SHREECEM,Mar 2017,3,14.57,NORMAL
SHREECEM,Mar 2018,3,16.25,NORMAL
SHREECEM,Mar 2018,5,12.66,NORMAL
SHREECEM,Mar 2019,3,31.56,NORMAL
SHREECEM,Mar 2019,5,17.05,NORMAL
SHREECEM,Mar 2020,3,14.4,NORMAL
SHREECEM,Mar 2020,5,15.51,NORMAL
SHREECEM,Mar 2021,3,11.31,NORMAL
SHREECEM,Mar 2021,5,19.72,NORMAL
SHREECEM,Mar 2022,3,6.13,NORMAL
SHREECEM,Mar 2022,5,11.8,NORMAL
SHREECEM,Mar 2023,3,11.53,NORMAL
SHREECEM,Mar 2023,5,12.67,NORMAL
SHREECEM,Mar 2023,10,12.66,NORMAL
SHREECEM,Mar 2024,3,14.81,NORMAL
SHREECEM,Mar 2024,5,10.33,NORMAL
SHREECEM,Mar 2024,10,13.64,NORMAL
SHRIRAMFIN,Mar 2016,3,13.91,NORMAL
SHRIRAMFIN,Mar 2017,3,8.76,NORMAL
SHRIRAMFIN,Mar 2018,3,13.74,NORMAL
SHRIRAMFIN,Mar 2018,5,14.01,NORMAL
SHRIRAMFIN,Mar 2019,3,14.47,NORMAL
SHRIRAMFIN,Mar 2019,5,12.88,NORMAL
SHRIRAMFIN,Mar 2020,3,14.95,NORMAL
SHRIRAMFIN,Mar 2020,5,12.53,NORMAL
SHRIRAMFIN,Mar 2021,3,8.87,NORMAL
SHRIRAMFIN,Mar 2021,5,10.96,NORMAL
SHRIRAMFIN,Mar 2022,3,7.42,NORMAL
SHRIRAMFIN,Mar 2022,5,12.05,NORMAL
SHRIRAMFIN,Mar 2023,3,22.56,NORMAL
SHRIRAMFIN,Mar 2023,5,17.69,NORMAL
SHRIRAMFIN,Mar 2023,10,15.84,NORMAL
SHRIRAMFIN,Mar 2024,3,27.83,NORMAL
SHRIRAMFIN,Mar 2024,5,18.56,NORMAL
SHRIRAMFIN,Mar 2024,10,15.68,NORMAL
SIEMENS,Sep 2014,3,-3.7,DECLINE
SIEMENS,Sep 2016,5,-1.94,DECLINE
SIEMENS,Sep 2017,3,1.19,NORMAL
SIEMENS,Sep 2018,3,6.6,NORMAL
SIEMENS,Sep 2019,3,6.48,NORMAL
SIEMENS,Sep 2019,5,4.15,NORMAL
SIEMENS,Sep 2020,3,-3.49,DECLINE
SIEMENS,Sep 2020,5,-1.2,DECLINE
SIEMENS,Sep 2021,3,1.04,NORMAL
SIEMENS,Sep 2021,5,4.02,NORMAL
SIEMENS,Sep 2021,10,0.99,NORMAL
SIEMENS,Sep 2022,3,7.24,NORMAL
SIEMENS,Sep 2022,5,7.84,NORMAL
SIEMENS,Sep 2023,3,25.27,NORMAL
SIEMENS,Sep 2023,5,8.85,NORMAL
SIEMENS,Sep 2024,3,19.0,NORMAL
SIEMENS,Sep 2024,5,11.19,NORMAL
SIEMENS,Sep 2024,10,7.61,NORMAL
SUNPHARMA,Mar 2016,3,36.78,NORMAL
SUNPHARMA,Mar 2017,3,25.23,NORMAL
SUNPHARMA,Mar 2018,3,-1.11,DECLINE
SUNPHARMA,Mar 2018,5,18.93,NORMAL
SUNPHARMA,Mar 2019,3,0.67,NORMAL
SUNPHARMA,Mar 2019,5,12.57,NORMAL
SUNPHARMA,Mar 2020,3,1.31,NORMAL
SUNPHARMA,Mar 2020,5,3.69,NORMAL
SUNPHARMA,Mar 2021,3,8.14,NORMAL
SUNPHARMA,Mar 2021,5,3.29,NORMAL
SUNPHARMA,Mar 2022,3,9.97,NORMAL
SUNPHARMA,Mar 2022,5,4.13,NORMAL
SUNPHARMA,Mar 2023,3,10.15,NORMAL
SUNPHARMA,Mar 2023,5,10.62,NORMAL
SUNPHARMA,Mar 2023,10,14.7,NORMAL
SUNPHARMA,Mar 2024,3,13.13,NORMAL
SUNPHARMA,Mar 2024,5,10.78,NORMAL
SUNPHARMA,Mar 2024,10,11.67,NORMAL
TATACONSUM,Mar 2016,3,-3.35,DECLINE
TATACONSUM,Mar 2017,3,-4.31,DECLINE
TATACONSUM,Mar 2018,3,-5.18,DECLINE
TATACONSUM,Mar 2018,5,-1.5,DECLINE
TATACONSUM,Mar 2019,3,3.0,NORMAL
TATACONSUM,Mar 2019,5,-1.29,DECLINE
TATACONSUM,Mar 2020,3,12.44,NORMAL
TATACONSUM,Mar 2020,5,3.81,NORMAL
TATACONSUM,Mar 2021,3,19.4,NORMAL
TATACONSUM,Mar 2021,5,11.82,NORMAL
TATACONSUM,Mar 2022,3,19.66,NORMAL
TATACONSUM,Mar 2022,5,12.88,NORMAL
TATACONSUM,Mar 2023,3,12.67,NORMAL
TATACONSUM,Mar 2023,5,15.13,NORMAL
TATACONSUM,Mar 2023,10,6.49,NORMAL
TATACONSUM,Mar 2024,3,9.44,NORMAL
TATACONSUM,Mar 2024,5,15.96,NORMAL
TATACONSUM,Mar 2024,10,6.99,NORMAL
TATAMOTORS,Mar 2016,3,13.09,NORMAL
TATAMOTORS,Mar 2017,3,5.02,NORMAL
TATAMOTORS,Mar 2018,3,3.47,NORMAL
TATAMOTORS,Mar 2018,5,9.08,NORMAL
TATAMOTORS,Mar 2019,3,3.41,NORMAL
TATAMOTORS,Mar 2019,5,5.34,NORMAL
TATAMOTORS,Mar 2020,3,-1.08,DECLINE
TATAMOTORS,Mar 2020,5,-0.16,DECLINE
TATAMOTORS,Mar 2021,3,-5.02,DECLINE
TATAMOTORS,Mar 2021,5,-1.76,DECLINE
TATAMOTORS,Mar 2022,3,-2.66,DECLINE
TATAMOTORS,Mar 2022,5,0.64,NORMAL
TATAMOTORS,Mar 2023,3,9.84,NORMAL
TATAMOTORS,Mar 2023,5,3.48,NORMAL
TATAMOTORS,Mar 2023,10,6.24,NORMAL
TATAMOTORS,Mar 2024,3,20.58,NORMAL
TATAMOTORS,Mar 2024,5,7.72,NORMAL
TATAMOTORS,Mar 2024,10,6.52,NORMAL
TATAPOWER,Mar 2016,3,-3.85,DECLINE
TATAPOWER,Mar 2017,3,-8.26,DECLINE
TATAPOWER,Mar 2018,3,-7.21,DECLINE
TATAPOWER,Mar 2018,5,-4.15,DECLINE
TATAPOWER,Mar 2019,3,0.44,NORMAL
TATAPOWER,Mar 2019,5,-3.51,DECLINE
TATAPOWER,Mar 2020,3,1.84,NORMAL
TATAPOWER,Mar 2020,5,-2.81,DECLINE
TATAPOWER,Mar 2021,3,6.81,NORMAL
TATAPOWER,Mar 2021,5,2.09,NORMAL
TATAPOWER,Mar 2022,3,12.74,NORMAL
TATAPOWER,Mar 2022,5,9.19,NORMAL
TATAPOWER,Mar 2023,3,23.67,NORMAL
TATAPOWER,Mar 2023,5,15.48,NORMAL
TATAPOWER,Mar 2023,10,5.21,NORMAL
TATAPOWER,Mar 2024,3,23.4,NORMAL
TATAPOWER,Mar 2024,5,15.51,NORMAL
TATAPOWER,Mar 2024,10,5.57,NORMAL
TATASTEEL,Mar 2016,3,-8.87,DECLINE
TATASTEEL,Mar 2017,3,-8.92,DECLINE
TATASTEEL,Mar 2018,3,-4.05,DECLINE
TATASTEEL,Mar 2018,5,-1.76,DECLINE
TATASTEEL,Mar 2019,3,15.64,NORMAL
TATASTEEL,Mar 2019,5,1.19,NORMAL
TATASTEEL,Mar 2020,3,7.58,NORMAL
TATASTEEL,Mar 2020,5,0.04,NORMAL
TATASTEEL,Mar 2021,3,8.24,NORMAL
TATASTEEL,Mar 2021,5,8.92,NORMAL
TATASTEEL,Mar 2022,3,15.66,NORMAL
TATASTEEL,Mar 2022,5,16.79,NORMAL
TATASTEEL,Mar 2023,3,20.29,NORMAL
TATASTEEL,Mar 2023,5,14.58,NORMAL
TATASTEEL,Mar 2023,10,6.09,NORMAL
TATASTEEL,Mar 2024,3,13.61,NORMAL
TATASTEEL,Mar 2024,5,7.77,NORMAL
TATASTEEL,Mar 2024,10,4.43,NORMAL
TCS,Mar 2016,3,19.93,NORMAL
TCS,Mar 2017,3,12.98,NORMAL
TCS,Mar 2018,3,9.16,NORMAL
TCS,Mar 2018,5,14.34,NORMAL
TCS,Mar 2019,3,10.47,NORMAL
TCS,Mar 2019,5,12.35,NORMAL
TCS,Mar 2020,3,9.99,NORMAL
TCS,Mar 2020,5,10.64,NORMAL
TCS,Mar 2021,3,10.07,NORMAL
TCS,Mar 2021,5,8.61,NORMAL
TCS,Mar 2022,3,9.4,NORMAL
TCS,Mar 2022,5,10.2,NORMAL
TCS,Mar 2023,3,12.83,NORMAL
TCS,Mar 2023,5,12.86,NORMAL
TCS,Mar 2023,10,13.6,NORMAL
TCS,Mar 2024,3,13.63,NORMAL
TCS,Mar 2024,5,10.46,NORMAL
TCS,Mar 2024,10,11.4,NORMAL
TECHM,Mar 2016,3,56.8,NORMAL
TECHM,Mar 2017,3,15.73,NORMAL
TECHM,Mar 2018,3,10.8,NORMAL
TECHM,Mar 2018,5,34.96,NORMAL
TECHM,Mar 2019,3,9.46,NORMAL
TECHM,Mar 2019,5,13.07,NORMAL
TECHM,Mar 2020,3,8.16,NORMAL
TECHM,Mar 2020,5,10.26,NORMAL
TECHM,Mar 2021,3,7.15,NORMAL
TECHM,Mar 2021,5,7.4,NORMAL
TECHM,Mar 2022,3,8.72,NORMAL
TECHM,Mar 2022,5,8.91,NORMAL
TECHM,Mar 2023,3,13.07,NORMAL
TECHM,Mar 2023,5,11.61,NORMAL
TECHM,Mar 2023,10,22.73,NORMAL
TECHM,Mar 2024,3,11.16,NORMAL
TECHM,Mar 2024,5,8.4,NORMAL
TECHM,Mar 2024,10,10.71,NORMAL
TITAN,Mar 2016,3,3.66,NORMAL
TITAN,Mar 2017,3,6.67,NORMAL
TITAN,Mar 2018,3,10.61,NORMAL
TITAN,Mar 2018,5,9.75,NORMAL
TITAN,Mar 2019,3,20.6,NORMAL
TITAN,Mar 2019,5,12.6,NORMAL
TITAN,Mar 2020,3,16.66,NORMAL
TITAN,Mar 2020,5,12.06,NORMAL
TITAN,Mar 2021,3,10.32,NORMAL
TITAN,Mar 2021,5,13.93,NORMAL
TITAN,Mar 2022,3,13.34,NORMAL
TITAN,Mar 2022,5,16.78,NORMAL
TITAN,Mar 2023,3,24.45,NORMAL
TITAN,Mar 2023,5,20.28,NORMAL
TITAN,Mar 2023,10,14.89,NORMAL
TITAN,Mar 2024,3,33.14,NORMAL
TITAN,Mar 2024,5,20.9,NORMAL
TITAN,Mar 2024,10,16.68,NORMAL
TORNTPHARM,Mar 2016,3,27.81,NORMAL
TORNTPHARM,Mar 2017,3,11.71,NORMAL
TORNTPHARM,Mar 2018,3,8.67,NORMAL
TORNTPHARM,Mar 2018,5,13.19,NORMAL
TORNTPHARM,Mar 2019,3,4.69,NORMAL
TORNTPHARM,Mar 2019,5,12.96,NORMAL
TORNTPHARM,Mar 2020,3,10.93,NORMAL
TORNTPHARM,Mar 2020,5,11.36,NORMAL
TORNTPHARM,Mar 2021,3,10.39,NORMAL
TORNTPHARM,Mar 2021,5,3.66,NORMAL
TORNTPHARM,Mar 2022,3,3.5,NORMAL
TORNTPHARM,Mar 2022,5,7.9,NORMAL
TORNTPHARM,Mar 2023,3,6.61,NORMAL
TORNTPHARM,Mar 2023,5,10.09,NORMAL
TORNTPHARM,Mar 2023,10,11.63,NORMAL
TORNTPHARM,Mar 2024,3,10.25,NORMAL
TORNTPHARM,Mar 2024,5,6.93,NORMAL
TORNTPHARM,Mar 2024,10,9.9,NORMAL
TRENT,Mar 2016,3,-7.53,DECLINE
TRENT,Mar 2017,3,-8.08,DECLINE
TRENT,Mar 2018,3,-1.89,DECLINE
TRENT,Mar 2018,5,0.23,NORMAL
TRENT,Mar 2019,3,15.98,NORMAL
TRENT,Mar 2019,5,2.43,NORMAL
TRENT,Mar 2020,3,24.37,NORMAL
TRENT,Mar 2020,5,8.82,NORMAL
TRENT,Mar 2021,3,6.33,NORMAL
TRENT,Mar 2021,5,8.99,NORMAL
TRENT,Mar 2022,3,19.59,NORMAL
TRENT,Mar 2022,5,19.94,NORMAL
TRENT,Mar 2023,3,33.22,NORMAL
TRENT,Mar 2023,5,30.75,NORMAL
TRENT,Mar 2023,10,14.48,NORMAL
TRENT,Mar 2024,3,68.36,NORMAL
TRENT,Mar 2024,5,36.31,NORMAL
TRENT,Mar 2024,10,18.16,NORMAL
TVSMOTOR,Mar 2016,3,14.85,NORMAL
TVSMOTOR,Mar 2017,3,14.13,NORMAL
TVSMOTOR,Mar 2018,3,16.8,NORMAL
TVSMOTOR,Mar 2018,5,16.82,NORMAL
TVSMOTOR,Mar 2019,3,21.01,NORMAL
TVSMOTOR,Mar 2019,5,19.18,NORMAL
TVSMOTOR,Mar 2020,3,14.79,NORMAL
TVSMOTOR,Mar 2020,5,12.94,NORMAL
TVSMOTOR,Mar 2021,3,5.93,NORMAL
TVSMOTOR,Mar 2021,5,11.29,NORMAL
TVSMOTOR,Mar 2022,3,6.5,NORMAL
TVSMOTOR,Mar 2022,5,14.34,NORMAL
TVSMOTOR,Mar 2023,3,19.26,NORMAL
TVSMOTOR,Mar 2023,5,14.37,NORMAL
TVSMOTOR,Mar 2023,10,15.59,NORMAL
TVSMOTOR,Mar 2024,3,26.32,NORMAL
TVSMOTOR,Mar 2024,5,14.19,NORMAL
TVSMOTOR,Mar 2024,10,16.66,NORMAL
ULTRACEMCO,Mar 2016,3,7.03,NORMAL
ULTRACEMCO,Mar 2017,3,6.97,NORMAL
ULTRACEMCO,Mar 2018,3,9.95,NORMAL
ULTRACEMCO,Mar 2018,5,8.59,NORMAL
ULTRACEMCO,Mar 2019,3,18.13,NORMAL
ULTRACEMCO,Mar 2019,5,14.87,NORMAL
ULTRACEMCO,Mar 2020,3,18.69,NORMAL
ULTRACEMCO,Mar 2020,5,12.73,NORMAL
ULTRACEMCO,Mar 2021,3,13.02,NORMAL
ULTRACEMCO,Mar 2021,5,12.2,NORMAL
ULTRACEMCO,Mar 2022,3,8.25,NORMAL
ULTRACEMCO,Mar 2022,5,15.69,NORMAL
ULTRACEMCO,Mar 2023,3,14.23,NORMAL
ULTRACEMCO,Mar 2023,5,15.34,NORMAL
ULTRACEMCO,Mar 2023,10,11.92,NORMAL
ULTRACEMCO,Mar 2024,3,16.6,NORMAL
ULTRACEMCO,Mar 2024,5,11.33,NORMAL
ULTRACEMCO,Mar 2024,10,13.09,NORMAL
UNIONBANK,Mar 2016,3,8.69,NORMAL
UNIONBANK,Mar 2017,3,3.74,NORMAL
UNIONBANK,Mar 2018,3,0.81,NORMAL
UNIONBANK,Mar 2018,5,5.54,NORMAL
UNIONBANK,Mar 2019,3,2.02,NORMAL
UNIONBANK,Mar 2019,5,3.14,NORMAL
UNIONBANK,Mar 2020,3,4.53,NORMAL
UNIONBANK,Mar 2020,5,3.11,NORMAL
UNIONBANK,Mar 2021,3,28.13,NORMAL
UNIONBANK,Mar 2021,5,16.49,NORMAL
UNIONBANK,Mar 2022,3,25.75,NORMAL
UNIONBANK,Mar 2022,5,15.76,NORMAL
UNIONBANK,Mar 2023,3,29.38,NORMAL
UNIONBANK,Mar 2023,5,19.76,NORMAL
UNIONBANK,Mar 2023,10,12.42,NORMAL
UNIONBANK,Mar 2024,3,13.14,NORMAL
UNIONBANK,Mar 2024,5,23.95,NORMAL
UNIONBANK,Mar 2024,10,13.07,NORMAL
UNITDSPR,Mar 2016,3,-6.46,DECLINE
UNITDSPR,Mar 2017,3,-5.68,DECLINE
UNITDSPR,Mar 2018,3,-2.45,DECLINE
UNITDSPR,Mar 2018,5,-3.71,DECLINE
UNITDSPR,Mar 2019,3,3.22,NORMAL
UNITDSPR,Mar 2019,5,-2.33,DECLINE
UNITDSPR,Mar 2020,3,1.88,NORMAL
UNITDSPR,Mar 2020,5,0.15,NORMAL
UNITDSPR,Mar 2021,3,-1.82,DECLINE
UNITDSPR,Mar 2021,5,-0.87,DECLINE
UNITDSPR,Mar 2022,3,1.31,NORMAL
UNITDSPR,Mar 2022,5,1.95,NORMAL
UNITDSPR,Mar 2023,3,4.4,NORMAL
UNITDSPR,Mar 2023,5,4.32,NORMAL
UNITDSPR,Mar 2023,10,0.22,NORMAL
UNITDSPR,Mar 2024,3,11.66,NORMAL
UNITDSPR,Mar 2024,5,3.92,NORMAL
UNITDSPR,Mar 2024,10,0.75,NORMAL
VBL,Dec 2015,3,23.54,NORMAL
VBL,Dec 2016,3,22.22,NORMAL
VBL,Dec 2017,3,16.97,NORMAL
VBL,Dec 2017,5,17.34,NORMAL
VBL,Dec 2018,3,14.58,NORMAL
VBL,Dec 2018,5,19.27,NORMAL
VBL,Dec 2019,3,22.69,NORMAL
VBL,Dec 2019,5,23.3,NORMAL
VBL,Dec 2020,3,17.23,NORMAL
VBL,Dec 2020,5,13.7,NORMAL
VBL,Dec 2021,3,20.01,NORMAL
VBL,Dec 2021,5,17.97,NORMAL
VBL,Dec 2022,3,22.71,NORMAL
VBL,Dec 2022,5,26.89,NORMAL
VBL,Dec 2022,10,22.02,NORMAL
VBL,Dec 2023,3,35.49,NORMAL
VBL,Dec 2023,5,25.74,NORMAL
VBL,Dec 2023,10,22.46,NORMAL
VEDL,Mar 2016,3,185.93,NORMAL
VEDL,Mar 2017,3,2.97,NORMAL
VEDL,Mar 2018,3,7.62,NORMAL
VEDL,Mar 2018,5,101.74,NORMAL
VEDL,Mar 2019,3,12.72,NORMAL
VEDL,Mar 2019,5,6.83,NORMAL
VEDL,Mar 2020,3,5.35,NORMAL
VEDL,Mar 2020,5,2.76,NORMAL
VEDL,Mar 2021,3,-1.42,DECLINE
VEDL,Mar 2021,5,6.49,NORMAL
VEDL,Mar 2022,3,12.98,NORMAL
VEDL,Mar 2022,5,12.94,NORMAL
VEDL,Mar 2023,3,20.38,NORMAL
VEDL,Mar 2023,5,9.9,NORMAL
VEDL,Mar 2023,10,48.9,NORMAL
VEDL,Mar 2024,3,17.76,NORMAL
VEDL,Mar 2024,5,9.32,NORMAL
VEDL,Mar 2024,10,8.07,NORMAL
WIPRO,Mar 2016,3,11.04,NORMAL
WIPRO,Mar 2017,3,8.49,NORMAL
WIPRO,Mar 2018,3,5.09,NORMAL
WIPRO,Mar 2018,5,7.8,NORMAL
WIPRO,Mar 2019,3,4.82,NORMAL
WIPRO,Mar 2019,5,6.33,NORMAL
WIPRO,Mar 2020,3,3.31,NORMAL
WIPRO,Mar 2020,5,5.42,NORMAL
WIPRO,Mar 2021,3,4.36,NORMAL
WIPRO,Mar 2021,5,3.86,NORMAL
WIPRO,Mar 2022,3,10.35,NORMAL
WIPRO,Mar 2022,5,7.42,NORMAL
WIPRO,Mar 2023,3,13.96,NORMAL
WIPRO,Mar 2023,5,10.68,NORMAL
WIPRO,Mar 2023,10,9.23,NORMAL
WIPRO,Mar 2024,3,13.17,NORMAL
WIPRO,Mar 2024,5,8.75,NORMAL
WIPRO,Mar 2024,10,7.53,NORMAL
ZOMATO,Mar 2021,3,62.35,NORMAL
ZOMATO,Mar 2022,3,47.25,NORMAL
ZOMATO,Mar 2023,3,39.55,NORMAL
ZOMATO,Mar 2023,5,72.31,NORMAL
ZOMATO,Mar 2024,3,82.47,NORMAL
ZOMATO,Mar 2024,5,55.96,NORMAL
ZYDUSLIFE,Mar 2016,3,14.03,NORMAL
ZYDUSLIFE,Mar 2017,3,9.08,NORMAL
ZYDUSLIFE,Mar 2018,3,11.23,NORMAL
ZYDUSLIFE,Mar 2018,5,13.37,NORMAL
ZYDUSLIFE,Mar 2019,3,11.78,NORMAL
ZYDUSLIFE,Mar 2019,5,12.75,NORMAL
ZYDUSLIFE,Mar 2020,3,14.98,NORMAL
ZYDUSLIFE,Mar 2020,5,10.5,NORMAL
ZYDUSLIFE,Mar 2021,3,6.56,NORMAL
ZYDUSLIFE,Mar 2021,5,8.85,NORMAL
ZYDUSLIFE,Mar 2022,3,4.7,NORMAL
ZYDUSLIFE,Mar 2022,5,10.01,NORMAL
ZYDUSLIFE,Mar 2023,3,6.54,NORMAL
ZYDUSLIFE,Mar 2023,5,7.68,NORMAL
ZYDUSLIFE,Mar 2023,10,10.49,NORMAL
ZYDUSLIFE,Mar 2024,3,10.71,NORMAL
ZYDUSLIFE,Mar 2024,5,8.22,NORMAL
ZYDUSLIFE,Mar 2024,10,10.47,NORMAL
